--
-- PostgreSQL database dump
--

-- Dumped from database version 17.4 (Debian 17.4-1.pgdg120+2)
-- Dumped by pg_dump version 17.4 (Debian 17.4-1.pgdg120+2)

SET statement_timeout = 0;
SET lock_timeout = 0;
SET idle_in_transaction_session_timeout = 0;
SET transaction_timeout = 0;
SET client_encoding = 'UTF8';
SET standard_conforming_strings = on;
SELECT pg_catalog.set_config('search_path', '', false);
SET check_function_bodies = false;
SET xmloption = content;
SET client_min_messages = warning;
SET row_security = off;

SET default_tablespace = '';

SET default_table_access_method = heap;

--
-- Name: account_sitemembership; Type: TABLE; Schema: public; Owner: bpc
--

CREATE TABLE public.account_sitemembership (
    id integer NOT NULL,
    site_user_type integer NOT NULL,
    site_id integer NOT NULL,
    user_profile_id integer NOT NULL
);


ALTER TABLE public.account_sitemembership OWNER TO bpc;

--
-- Name: account_sitemembership_id_seq; Type: SEQUENCE; Schema: public; Owner: bpc
--

ALTER TABLE public.account_sitemembership ALTER COLUMN id ADD GENERATED BY DEFAULT AS IDENTITY (
    SEQUENCE NAME public.account_sitemembership_id_seq
    START WITH 1
    INCREMENT BY 1
    NO MINVALUE
    NO MAXVALUE
    CACHE 1
);


--
-- Name: account_userprofile; Type: TABLE; Schema: public; Owner: bpc
--

CREATE TABLE public.account_userprofile (
    id integer NOT NULL,
    user_id integer NOT NULL,
    language character varying(10) NOT NULL,
    is_hidden boolean NOT NULL
);


ALTER TABLE public.account_userprofile OWNER TO bpc;

--
-- Name: account_userprofile_id_seq; Type: SEQUENCE; Schema: public; Owner: bpc
--

ALTER TABLE public.account_userprofile ALTER COLUMN id ADD GENERATED BY DEFAULT AS IDENTITY (
    SEQUENCE NAME public.account_userprofile_id_seq
    START WITH 1
    INCREMENT BY 1
    NO MINVALUE
    NO MAXVALUE
    CACHE 1
);


--
-- Name: auth_group; Type: TABLE; Schema: public; Owner: bpc
--

CREATE TABLE public.auth_group (
    id integer NOT NULL,
    name character varying(150) NOT NULL
);


ALTER TABLE public.auth_group OWNER TO bpc;

--
-- Name: auth_group_id_seq; Type: SEQUENCE; Schema: public; Owner: bpc
--

ALTER TABLE public.auth_group ALTER COLUMN id ADD GENERATED BY DEFAULT AS IDENTITY (
    SEQUENCE NAME public.auth_group_id_seq
    START WITH 1
    INCREMENT BY 1
    NO MINVALUE
    NO MAXVALUE
    CACHE 1
);


--
-- Name: auth_group_permissions; Type: TABLE; Schema: public; Owner: bpc
--

CREATE TABLE public.auth_group_permissions (
    id integer NOT NULL,
    group_id integer NOT NULL,
    permission_id integer NOT NULL
);


ALTER TABLE public.auth_group_permissions OWNER TO bpc;

--
-- Name: auth_group_permissions_id_seq; Type: SEQUENCE; Schema: public; Owner: bpc
--

ALTER TABLE public.auth_group_permissions ALTER COLUMN id ADD GENERATED BY DEFAULT AS IDENTITY (
    SEQUENCE NAME public.auth_group_permissions_id_seq
    START WITH 1
    INCREMENT BY 1
    NO MINVALUE
    NO MAXVALUE
    CACHE 1
);


--
-- Name: auth_permission; Type: TABLE; Schema: public; Owner: bpc
--

CREATE TABLE public.auth_permission (
    id integer NOT NULL,
    name character varying(255) NOT NULL,
    content_type_id integer NOT NULL,
    codename character varying(100) NOT NULL
);


ALTER TABLE public.auth_permission OWNER TO bpc;

--
-- Name: auth_permission_id_seq; Type: SEQUENCE; Schema: public; Owner: bpc
--

ALTER TABLE public.auth_permission ALTER COLUMN id ADD GENERATED BY DEFAULT AS IDENTITY (
    SEQUENCE NAME public.auth_permission_id_seq
    START WITH 1
    INCREMENT BY 1
    NO MINVALUE
    NO MAXVALUE
    CACHE 1
);


--
-- Name: auth_user; Type: TABLE; Schema: public; Owner: bpc
--

CREATE TABLE public.auth_user (
    id integer NOT NULL,
    password character varying(128) NOT NULL,
    last_login timestamp with time zone,
    is_superuser boolean NOT NULL,
    username character varying(150) NOT NULL,
    first_name character varying(150) NOT NULL,
    last_name character varying(150) NOT NULL,
    email character varying(254) NOT NULL,
    is_staff boolean NOT NULL,
    is_active boolean NOT NULL,
    date_joined timestamp with time zone NOT NULL
);


ALTER TABLE public.auth_user OWNER TO bpc;

--
-- Name: auth_user_groups; Type: TABLE; Schema: public; Owner: bpc
--

CREATE TABLE public.auth_user_groups (
    id integer NOT NULL,
    user_id integer NOT NULL,
    group_id integer NOT NULL
);


ALTER TABLE public.auth_user_groups OWNER TO bpc;

--
-- Name: auth_user_groups_id_seq; Type: SEQUENCE; Schema: public; Owner: bpc
--

ALTER TABLE public.auth_user_groups ALTER COLUMN id ADD GENERATED BY DEFAULT AS IDENTITY (
    SEQUENCE NAME public.auth_user_groups_id_seq
    START WITH 1
    INCREMENT BY 1
    NO MINVALUE
    NO MAXVALUE
    CACHE 1
);


--
-- Name: auth_user_id_seq; Type: SEQUENCE; Schema: public; Owner: bpc
--

ALTER TABLE public.auth_user ALTER COLUMN id ADD GENERATED BY DEFAULT AS IDENTITY (
    SEQUENCE NAME public.auth_user_id_seq
    START WITH 1
    INCREMENT BY 1
    NO MINVALUE
    NO MAXVALUE
    CACHE 1
);


--
-- Name: auth_user_user_permissions; Type: TABLE; Schema: public; Owner: bpc
--

CREATE TABLE public.auth_user_user_permissions (
    id integer NOT NULL,
    user_id integer NOT NULL,
    permission_id integer NOT NULL
);


ALTER TABLE public.auth_user_user_permissions OWNER TO bpc;

--
-- Name: auth_user_user_permissions_id_seq; Type: SEQUENCE; Schema: public; Owner: bpc
--

ALTER TABLE public.auth_user_user_permissions ALTER COLUMN id ADD GENERATED BY DEFAULT AS IDENTITY (
    SEQUENCE NAME public.auth_user_user_permissions_id_seq
    START WITH 1
    INCREMENT BY 1
    NO MINVALUE
    NO MAXVALUE
    CACHE 1
);


--
-- Name: changelog_changelog; Type: TABLE; Schema: public; Owner: bpc
--

CREATE TABLE public.changelog_changelog (
    id bigint NOT NULL,
    title character varying(100) NOT NULL,
    description text NOT NULL,
    content text NOT NULL,
    created timestamp with time zone NOT NULL,
    updated timestamp with time zone NOT NULL,
    published boolean NOT NULL
);


ALTER TABLE public.changelog_changelog OWNER TO bpc;

--
-- Name: changelog_changelog_id_seq; Type: SEQUENCE; Schema: public; Owner: bpc
--

ALTER TABLE public.changelog_changelog ALTER COLUMN id ADD GENERATED BY DEFAULT AS IDENTITY (
    SEQUENCE NAME public.changelog_changelog_id_seq
    START WITH 1
    INCREMENT BY 1
    NO MINVALUE
    NO MAXVALUE
    CACHE 1
);


--
-- Name: changelog_changelog_tags; Type: TABLE; Schema: public; Owner: bpc
--

CREATE TABLE public.changelog_changelog_tags (
    id integer NOT NULL,
    changelog_id bigint NOT NULL,
    changelogtag_id bigint NOT NULL
);


ALTER TABLE public.changelog_changelog_tags OWNER TO bpc;

--
-- Name: changelog_changelog_tags_id_seq; Type: SEQUENCE; Schema: public; Owner: bpc
--

ALTER TABLE public.changelog_changelog_tags ALTER COLUMN id ADD GENERATED BY DEFAULT AS IDENTITY (
    SEQUENCE NAME public.changelog_changelog_tags_id_seq
    START WITH 1
    INCREMENT BY 1
    NO MINVALUE
    NO MAXVALUE
    CACHE 1
);


--
-- Name: changelog_changelogcomment; Type: TABLE; Schema: public; Owner: bpc
--

CREATE TABLE public.changelog_changelogcomment (
    id bigint NOT NULL,
    content text NOT NULL,
    created timestamp with time zone NOT NULL,
    changelog_id bigint,
    parent_comment_id bigint,
    user_id integer NOT NULL
);


ALTER TABLE public.changelog_changelogcomment OWNER TO bpc;

--
-- Name: changelog_changelogcomment_id_seq; Type: SEQUENCE; Schema: public; Owner: bpc
--

ALTER TABLE public.changelog_changelogcomment ALTER COLUMN id ADD GENERATED BY DEFAULT AS IDENTITY (
    SEQUENCE NAME public.changelog_changelogcomment_id_seq
    START WITH 1
    INCREMENT BY 1
    NO MINVALUE
    NO MAXVALUE
    CACHE 1
);


--
-- Name: changelog_changelogtag; Type: TABLE; Schema: public; Owner: bpc
--

CREATE TABLE public.changelog_changelogtag (
    id bigint NOT NULL,
    name character varying(255) NOT NULL
);


ALTER TABLE public.changelog_changelogtag OWNER TO bpc;

--
-- Name: changelog_changelogtag_id_seq; Type: SEQUENCE; Schema: public; Owner: bpc
--

ALTER TABLE public.changelog_changelogtag ALTER COLUMN id ADD GENERATED BY DEFAULT AS IDENTITY (
    SEQUENCE NAME public.changelog_changelogtag_id_seq
    START WITH 1
    INCREMENT BY 1
    NO MINVALUE
    NO MAXVALUE
    CACHE 1
);


--
-- Name: django_admin_log; Type: TABLE; Schema: public; Owner: bpc
--

CREATE TABLE public.django_admin_log (
    id integer NOT NULL,
    action_time timestamp with time zone NOT NULL,
    object_id text,
    object_repr character varying(200) NOT NULL,
    action_flag smallint NOT NULL,
    change_message text NOT NULL,
    content_type_id integer,
    user_id integer NOT NULL,
    CONSTRAINT django_admin_log_action_flag_check CHECK ((action_flag >= 0))
);


ALTER TABLE public.django_admin_log OWNER TO bpc;

--
-- Name: django_admin_log_id_seq; Type: SEQUENCE; Schema: public; Owner: bpc
--

ALTER TABLE public.django_admin_log ALTER COLUMN id ADD GENERATED BY DEFAULT AS IDENTITY (
    SEQUENCE NAME public.django_admin_log_id_seq
    START WITH 1
    INCREMENT BY 1
    NO MINVALUE
    NO MAXVALUE
    CACHE 1
);


--
-- Name: django_content_type; Type: TABLE; Schema: public; Owner: bpc
--

CREATE TABLE public.django_content_type (
    id integer NOT NULL,
    app_label character varying(100) NOT NULL,
    model character varying(100) NOT NULL
);


ALTER TABLE public.django_content_type OWNER TO bpc;

--
-- Name: django_content_type_id_seq; Type: SEQUENCE; Schema: public; Owner: bpc
--

ALTER TABLE public.django_content_type ALTER COLUMN id ADD GENERATED BY DEFAULT AS IDENTITY (
    SEQUENCE NAME public.django_content_type_id_seq
    START WITH 1
    INCREMENT BY 1
    NO MINVALUE
    NO MAXVALUE
    CACHE 1
);


--
-- Name: django_migrations; Type: TABLE; Schema: public; Owner: bpc
--

CREATE TABLE public.django_migrations (
    id integer NOT NULL,
    app character varying(255) NOT NULL,
    name character varying(255) NOT NULL,
    applied timestamp with time zone NOT NULL
);


ALTER TABLE public.django_migrations OWNER TO bpc;

--
-- Name: django_migrations_id_seq; Type: SEQUENCE; Schema: public; Owner: bpc
--

ALTER TABLE public.django_migrations ALTER COLUMN id ADD GENERATED BY DEFAULT AS IDENTITY (
    SEQUENCE NAME public.django_migrations_id_seq
    START WITH 1
    INCREMENT BY 1
    NO MINVALUE
    NO MAXVALUE
    CACHE 1
);


--
-- Name: django_session; Type: TABLE; Schema: public; Owner: bpc
--

CREATE TABLE public.django_session (
    session_key character varying(40) NOT NULL,
    session_data text NOT NULL,
    expire_date timestamp with time zone NOT NULL
);


ALTER TABLE public.django_session OWNER TO bpc;

--
-- Name: django_site; Type: TABLE; Schema: public; Owner: bpc
--

CREATE TABLE public.django_site (
    id integer NOT NULL,
    domain character varying(100) NOT NULL,
    name character varying(50) NOT NULL
);


ALTER TABLE public.django_site OWNER TO bpc;

--
-- Name: django_site_id_seq; Type: SEQUENCE; Schema: public; Owner: bpc
--

ALTER TABLE public.django_site ALTER COLUMN id ADD GENERATED BY DEFAULT AS IDENTITY (
    SEQUENCE NAME public.django_site_id_seq
    START WITH 1
    INCREMENT BY 1
    NO MINVALUE
    NO MAXVALUE
    CACHE 1
);


--
-- Name: otp_static_staticdevice; Type: TABLE; Schema: public; Owner: bpc
--

CREATE TABLE public.otp_static_staticdevice (
    id integer NOT NULL,
    name character varying(64) NOT NULL,
    confirmed boolean NOT NULL,
    user_id integer NOT NULL,
    throttling_failure_count integer NOT NULL,
    throttling_failure_timestamp timestamp with time zone,
    CONSTRAINT otp_static_staticdevice_throttling_failure_count_check CHECK ((throttling_failure_count >= 0))
);


ALTER TABLE public.otp_static_staticdevice OWNER TO bpc;

--
-- Name: otp_static_staticdevice_id_seq; Type: SEQUENCE; Schema: public; Owner: bpc
--

ALTER TABLE public.otp_static_staticdevice ALTER COLUMN id ADD GENERATED BY DEFAULT AS IDENTITY (
    SEQUENCE NAME public.otp_static_staticdevice_id_seq
    START WITH 1
    INCREMENT BY 1
    NO MINVALUE
    NO MAXVALUE
    CACHE 1
);


--
-- Name: otp_static_statictoken; Type: TABLE; Schema: public; Owner: bpc
--

CREATE TABLE public.otp_static_statictoken (
    id integer NOT NULL,
    token character varying(16) NOT NULL,
    device_id integer NOT NULL
);


ALTER TABLE public.otp_static_statictoken OWNER TO bpc;

--
-- Name: otp_static_statictoken_id_seq; Type: SEQUENCE; Schema: public; Owner: bpc
--

ALTER TABLE public.otp_static_statictoken ALTER COLUMN id ADD GENERATED BY DEFAULT AS IDENTITY (
    SEQUENCE NAME public.otp_static_statictoken_id_seq
    START WITH 1
    INCREMENT BY 1
    NO MINVALUE
    NO MAXVALUE
    CACHE 1
);


--
-- Name: otp_totp_totpdevice; Type: TABLE; Schema: public; Owner: bpc
--

CREATE TABLE public.otp_totp_totpdevice (
    id integer NOT NULL,
    name character varying(64) NOT NULL,
    confirmed boolean NOT NULL,
    key character varying(80) NOT NULL,
    step smallint NOT NULL,
    t0 bigint NOT NULL,
    digits smallint NOT NULL,
    tolerance smallint NOT NULL,
    drift smallint NOT NULL,
    last_t bigint NOT NULL,
    user_id integer NOT NULL,
    throttling_failure_count integer NOT NULL,
    throttling_failure_timestamp timestamp with time zone,
    CONSTRAINT otp_totp_totpdevice_digits_check CHECK ((digits >= 0)),
    CONSTRAINT otp_totp_totpdevice_step_check CHECK ((step >= 0)),
    CONSTRAINT otp_totp_totpdevice_throttling_failure_count_check CHECK ((throttling_failure_count >= 0)),
    CONSTRAINT otp_totp_totpdevice_tolerance_check CHECK ((tolerance >= 0))
);


ALTER TABLE public.otp_totp_totpdevice OWNER TO bpc;

--
-- Name: otp_totp_totpdevice_id_seq; Type: SEQUENCE; Schema: public; Owner: bpc
--

ALTER TABLE public.otp_totp_totpdevice ALTER COLUMN id ADD GENERATED BY DEFAULT AS IDENTITY (
    SEQUENCE NAME public.otp_totp_totpdevice_id_seq
    START WITH 1
    INCREMENT BY 1
    NO MINVALUE
    NO MAXVALUE
    CACHE 1
);


--
-- Name: system_apikey; Type: TABLE; Schema: public; Owner: bpc
--

CREATE TABLE public.system_apikey (
    id integer NOT NULL,
    key character varying(100) NOT NULL,
    description character varying(100),
    created timestamp with time zone NOT NULL,
    site_id integer NOT NULL
);


ALTER TABLE public.system_apikey OWNER TO bpc;

--
-- Name: system_apikey_id_seq; Type: SEQUENCE; Schema: public; Owner: bpc
--

ALTER TABLE public.system_apikey ALTER COLUMN id ADD GENERATED BY DEFAULT AS IDENTITY (
    SEQUENCE NAME public.system_apikey_id_seq
    START WITH 1
    INCREMENT BY 1
    NO MINVALUE
    NO MAXVALUE
    CACHE 1
);


--
-- Name: system_associatedscript; Type: TABLE; Schema: public; Owner: bpc
--

CREATE TABLE public.system_associatedscript (
    id integer NOT NULL,
    "position" integer NOT NULL,
    group_id integer NOT NULL,
    script_id integer NOT NULL
);


ALTER TABLE public.system_associatedscript OWNER TO bpc;

--
-- Name: system_associatedscript_id_seq; Type: SEQUENCE; Schema: public; Owner: bpc
--

ALTER TABLE public.system_associatedscript ALTER COLUMN id ADD GENERATED BY DEFAULT AS IDENTITY (
    SEQUENCE NAME public.system_associatedscript_id_seq
    START WITH 1
    INCREMENT BY 1
    NO MINVALUE
    NO MAXVALUE
    CACHE 1
);


--
-- Name: system_associatedscriptparameter; Type: TABLE; Schema: public; Owner: bpc
--

CREATE TABLE public.system_associatedscriptparameter (
    id integer NOT NULL,
    string_value character varying(4096) NOT NULL,
    file_value character varying(100),
    input_id integer NOT NULL,
    associated_script_id integer NOT NULL
);


ALTER TABLE public.system_associatedscriptparameter OWNER TO bpc;

--
-- Name: system_associatedscriptparameter_id_seq; Type: SEQUENCE; Schema: public; Owner: bpc
--

ALTER TABLE public.system_associatedscriptparameter ALTER COLUMN id ADD GENERATED BY DEFAULT AS IDENTITY (
    SEQUENCE NAME public.system_associatedscriptparameter_id_seq
    START WITH 1
    INCREMENT BY 1
    NO MINVALUE
    NO MAXVALUE
    CACHE 1
);


--
-- Name: system_batch; Type: TABLE; Schema: public; Owner: bpc
--

CREATE TABLE public.system_batch (
    id integer NOT NULL,
    name character varying(255) NOT NULL,
    script_id integer NOT NULL,
    site_id integer NOT NULL
);


ALTER TABLE public.system_batch OWNER TO bpc;

--
-- Name: system_batch_id_seq; Type: SEQUENCE; Schema: public; Owner: bpc
--

ALTER TABLE public.system_batch ALTER COLUMN id ADD GENERATED BY DEFAULT AS IDENTITY (
    SEQUENCE NAME public.system_batch_id_seq
    START WITH 1
    INCREMENT BY 1
    NO MINVALUE
    NO MAXVALUE
    CACHE 1
);


--
-- Name: system_batchparameter; Type: TABLE; Schema: public; Owner: bpc
--

CREATE TABLE public.system_batchparameter (
    id integer NOT NULL,
    string_value character varying(4096) NOT NULL,
    file_value character varying(100),
    batch_id integer NOT NULL,
    input_id integer NOT NULL
);


ALTER TABLE public.system_batchparameter OWNER TO bpc;

--
-- Name: system_batchparameter_id_seq; Type: SEQUENCE; Schema: public; Owner: bpc
--

ALTER TABLE public.system_batchparameter ALTER COLUMN id ADD GENERATED BY DEFAULT AS IDENTITY (
    SEQUENCE NAME public.system_batchparameter_id_seq
    START WITH 1
    INCREMENT BY 1
    NO MINVALUE
    NO MAXVALUE
    CACHE 1
);


--
-- Name: system_citizen; Type: TABLE; Schema: public; Owner: bpc
--

CREATE TABLE public.system_citizen (
    id integer NOT NULL,
    citizen_id character varying(128) NOT NULL,
    last_successful_login timestamp with time zone NOT NULL,
    site_id integer NOT NULL,
    logged_in boolean NOT NULL
);


ALTER TABLE public.system_citizen OWNER TO bpc;

--
-- Name: system_citizenlogin_id_seq; Type: SEQUENCE; Schema: public; Owner: bpc
--

ALTER TABLE public.system_citizen ALTER COLUMN id ADD GENERATED BY DEFAULT AS IDENTITY (
    SEQUENCE NAME public.system_citizenlogin_id_seq
    START WITH 1
    INCREMENT BY 1
    NO MINVALUE
    NO MAXVALUE
    CACHE 1
);


--
-- Name: system_configuration; Type: TABLE; Schema: public; Owner: bpc
--

CREATE TABLE public.system_configuration (
    id integer NOT NULL,
    name character varying(255) NOT NULL
);


ALTER TABLE public.system_configuration OWNER TO bpc;

--
-- Name: system_configuration_id_seq; Type: SEQUENCE; Schema: public; Owner: bpc
--

ALTER TABLE public.system_configuration ALTER COLUMN id ADD GENERATED BY DEFAULT AS IDENTITY (
    SEQUENCE NAME public.system_configuration_id_seq
    START WITH 1
    INCREMENT BY 1
    NO MINVALUE
    NO MAXVALUE
    CACHE 1
);


--
-- Name: system_configurationentry; Type: TABLE; Schema: public; Owner: bpc
--

CREATE TABLE public.system_configurationentry (
    id integer NOT NULL,
    key character varying(32) NOT NULL,
    value character varying(4096) NOT NULL,
    owner_configuration_id integer NOT NULL
);


ALTER TABLE public.system_configurationentry OWNER TO bpc;

--
-- Name: system_configurationentry_id_seq; Type: SEQUENCE; Schema: public; Owner: bpc
--

ALTER TABLE public.system_configurationentry ALTER COLUMN id ADD GENERATED BY DEFAULT AS IDENTITY (
    SEQUENCE NAME public.system_configurationentry_id_seq
    START WITH 1
    INCREMENT BY 1
    NO MINVALUE
    NO MAXVALUE
    CACHE 1
);


--
-- Name: system_country; Type: TABLE; Schema: public; Owner: bpc
--

CREATE TABLE public.system_country (
    id integer NOT NULL,
    name character varying(255) NOT NULL
);


ALTER TABLE public.system_country OWNER TO bpc;

--
-- Name: system_country_id_seq; Type: SEQUENCE; Schema: public; Owner: bpc
--

ALTER TABLE public.system_country ALTER COLUMN id ADD GENERATED BY DEFAULT AS IDENTITY (
    SEQUENCE NAME public.system_country_id_seq
    START WITH 1
    INCREMENT BY 1
    NO MINVALUE
    NO MAXVALUE
    CACHE 1
);


--
-- Name: system_customer; Type: TABLE; Schema: public; Owner: bpc
--

CREATE TABLE public.system_customer (
    id integer NOT NULL,
    name character varying(255) NOT NULL,
    paid_for_access_until date,
    is_test boolean NOT NULL,
    country_id integer
);


ALTER TABLE public.system_customer OWNER TO bpc;

--
-- Name: system_customer_id_seq; Type: SEQUENCE; Schema: public; Owner: bpc
--

ALTER TABLE public.system_customer ALTER COLUMN id ADD GENERATED BY DEFAULT AS IDENTITY (
    SEQUENCE NAME public.system_customer_id_seq
    START WITH 1
    INCREMENT BY 1
    NO MINVALUE
    NO MAXVALUE
    CACHE 1
);


--
-- Name: system_eventruleserver; Type: TABLE; Schema: public; Owner: bpc
--

CREATE TABLE public.system_eventruleserver (
    id integer NOT NULL,
    name character varying(255) NOT NULL,
    description text NOT NULL,
    level character varying(10) NOT NULL,
    monitor_period_start time without time zone NOT NULL,
    monitor_period_end time without time zone NOT NULL,
    maximum_offline_period smallint NOT NULL,
    site_id integer NOT NULL,
    CONSTRAINT system_eventruleserver_maximum_offline_period_check CHECK ((maximum_offline_period >= 0))
);


ALTER TABLE public.system_eventruleserver OWNER TO bpc;

--
-- Name: system_eventruleserver_alert_groups; Type: TABLE; Schema: public; Owner: bpc
--

CREATE TABLE public.system_eventruleserver_alert_groups (
    id integer NOT NULL,
    eventruleserver_id integer NOT NULL,
    pcgroup_id integer NOT NULL
);


ALTER TABLE public.system_eventruleserver_alert_groups OWNER TO bpc;

--
-- Name: system_eventruleserver_alert_groups_id_seq; Type: SEQUENCE; Schema: public; Owner: bpc
--

ALTER TABLE public.system_eventruleserver_alert_groups ALTER COLUMN id ADD GENERATED BY DEFAULT AS IDENTITY (
    SEQUENCE NAME public.system_eventruleserver_alert_groups_id_seq
    START WITH 1
    INCREMENT BY 1
    NO MINVALUE
    NO MAXVALUE
    CACHE 1
);


--
-- Name: system_eventruleserver_alert_users; Type: TABLE; Schema: public; Owner: bpc
--

CREATE TABLE public.system_eventruleserver_alert_users (
    id integer NOT NULL,
    eventruleserver_id integer NOT NULL,
    user_id integer NOT NULL
);


ALTER TABLE public.system_eventruleserver_alert_users OWNER TO bpc;

--
-- Name: system_eventruleserver_alert_users_id_seq; Type: SEQUENCE; Schema: public; Owner: bpc
--

ALTER TABLE public.system_eventruleserver_alert_users ALTER COLUMN id ADD GENERATED BY DEFAULT AS IDENTITY (
    SEQUENCE NAME public.system_eventruleserver_alert_users_id_seq
    START WITH 1
    INCREMENT BY 1
    NO MINVALUE
    NO MAXVALUE
    CACHE 1
);


--
-- Name: system_eventruleserver_id_seq; Type: SEQUENCE; Schema: public; Owner: bpc
--

ALTER TABLE public.system_eventruleserver ALTER COLUMN id ADD GENERATED BY DEFAULT AS IDENTITY (
    SEQUENCE NAME public.system_eventruleserver_id_seq
    START WITH 1
    INCREMENT BY 1
    NO MINVALUE
    NO MAXVALUE
    CACHE 1
);


--
-- Name: system_featurepermission; Type: TABLE; Schema: public; Owner: bpc
--

CREATE TABLE public.system_featurepermission (
    id integer NOT NULL,
    name character varying(255) NOT NULL,
    uid character varying(255) NOT NULL
);


ALTER TABLE public.system_featurepermission OWNER TO bpc;

--
-- Name: system_featurepermission_customers; Type: TABLE; Schema: public; Owner: bpc
--

CREATE TABLE public.system_featurepermission_customers (
    id integer NOT NULL,
    featurepermission_id integer NOT NULL,
    customer_id integer NOT NULL
);


ALTER TABLE public.system_featurepermission_customers OWNER TO bpc;

--
-- Name: system_featurepermission_customers_id_seq; Type: SEQUENCE; Schema: public; Owner: bpc
--

ALTER TABLE public.system_featurepermission_customers ALTER COLUMN id ADD GENERATED BY DEFAULT AS IDENTITY (
    SEQUENCE NAME public.system_featurepermission_customers_id_seq
    START WITH 1
    INCREMENT BY 1
    NO MINVALUE
    NO MAXVALUE
    CACHE 1
);


--
-- Name: system_featurepermission_id_seq; Type: SEQUENCE; Schema: public; Owner: bpc
--

ALTER TABLE public.system_featurepermission ALTER COLUMN id ADD GENERATED BY DEFAULT AS IDENTITY (
    SEQUENCE NAME public.system_featurepermission_id_seq
    START WITH 1
    INCREMENT BY 1
    NO MINVALUE
    NO MAXVALUE
    CACHE 1
);


--
-- Name: system_imageversion; Type: TABLE; Schema: public; Owner: bpc
--

CREATE TABLE public.system_imageversion (
    id integer NOT NULL,
    image_version character varying(7) NOT NULL,
    release_date date NOT NULL,
    os character varying(30) NOT NULL,
    release_notes text NOT NULL,
    image_upload character varying(100) NOT NULL,
    image_upload_multilang character varying(100),
    product_id integer
);


ALTER TABLE public.system_imageversion OWNER TO bpc;

--
-- Name: system_imageversion_id_seq; Type: SEQUENCE; Schema: public; Owner: bpc
--

ALTER TABLE public.system_imageversion ALTER COLUMN id ADD GENERATED BY DEFAULT AS IDENTITY (
    SEQUENCE NAME public.system_imageversion_id_seq
    START WITH 1
    INCREMENT BY 1
    NO MINVALUE
    NO MAXVALUE
    CACHE 1
);


--
-- Name: system_input; Type: TABLE; Schema: public; Owner: bpc
--

CREATE TABLE public.system_input (
    id integer NOT NULL,
    name character varying(255) NOT NULL,
    value_type character varying(10) NOT NULL,
    "position" integer NOT NULL,
    mandatory boolean NOT NULL,
    script_id integer NOT NULL,
    default_value character varying(255)
);


ALTER TABLE public.system_input OWNER TO bpc;

--
-- Name: system_input_id_seq; Type: SEQUENCE; Schema: public; Owner: bpc
--

ALTER TABLE public.system_input ALTER COLUMN id ADD GENERATED BY DEFAULT AS IDENTITY (
    SEQUENCE NAME public.system_input_id_seq
    START WITH 1
    INCREMENT BY 1
    NO MINVALUE
    NO MAXVALUE
    CACHE 1
);


--
-- Name: system_job; Type: TABLE; Schema: public; Owner: bpc
--

CREATE TABLE public.system_job (
    id integer NOT NULL,
    status character varying(10) NOT NULL,
    log_output text NOT NULL,
    started timestamp with time zone,
    finished timestamp with time zone,
    batch_id integer NOT NULL,
    pc_id integer NOT NULL,
    user_id integer,
    created timestamp with time zone
);


ALTER TABLE public.system_job OWNER TO bpc;

--
-- Name: system_job_id_seq; Type: SEQUENCE; Schema: public; Owner: bpc
--

ALTER TABLE public.system_job ALTER COLUMN id ADD GENERATED BY DEFAULT AS IDENTITY (
    SEQUENCE NAME public.system_job_id_seq
    START WITH 1
    INCREMENT BY 1
    NO MINVALUE
    NO MAXVALUE
    CACHE 1
);


--
-- Name: system_loginlog; Type: TABLE; Schema: public; Owner: bpc
--

CREATE TABLE public.system_loginlog (
    id integer NOT NULL,
    identifier character varying(255) NOT NULL,
    date date NOT NULL,
    login_time time without time zone NOT NULL,
    logout_time time without time zone NOT NULL,
    site_id integer NOT NULL
);


ALTER TABLE public.system_loginlog OWNER TO bpc;

--
-- Name: system_loginlog_id_seq; Type: SEQUENCE; Schema: public; Owner: bpc
--

ALTER TABLE public.system_loginlog ALTER COLUMN id ADD GENERATED BY DEFAULT AS IDENTITY (
    SEQUENCE NAME public.system_loginlog_id_seq
    START WITH 1
    INCREMENT BY 1
    NO MINVALUE
    NO MAXVALUE
    CACHE 1
);


--
-- Name: system_pc; Type: TABLE; Schema: public; Owner: bpc
--

CREATE TABLE public.system_pc (
    id integer NOT NULL,
    name character varying(255) NOT NULL,
    uid character varying(255) NOT NULL,
    description character varying(1024) NOT NULL,
    is_activated boolean NOT NULL,
    created timestamp with time zone,
    last_seen timestamp with time zone,
    configuration_id integer NOT NULL,
    site_id integer NOT NULL,
    location character varying(1024) NOT NULL,
    mac character varying(255) NOT NULL
);


ALTER TABLE public.system_pc OWNER TO bpc;

--
-- Name: system_pc_id_seq; Type: SEQUENCE; Schema: public; Owner: bpc
--

ALTER TABLE public.system_pc ALTER COLUMN id ADD GENERATED BY DEFAULT AS IDENTITY (
    SEQUENCE NAME public.system_pc_id_seq
    START WITH 1
    INCREMENT BY 1
    NO MINVALUE
    NO MAXVALUE
    CACHE 1
);


--
-- Name: system_pc_pc_groups; Type: TABLE; Schema: public; Owner: bpc
--

CREATE TABLE public.system_pc_pc_groups (
    id integer NOT NULL,
    pc_id integer NOT NULL,
    pcgroup_id integer NOT NULL
);


ALTER TABLE public.system_pc_pc_groups OWNER TO bpc;

--
-- Name: system_pc_pc_groups_id_seq; Type: SEQUENCE; Schema: public; Owner: bpc
--

ALTER TABLE public.system_pc_pc_groups ALTER COLUMN id ADD GENERATED BY DEFAULT AS IDENTITY (
    SEQUENCE NAME public.system_pc_pc_groups_id_seq
    START WITH 1
    INCREMENT BY 1
    NO MINVALUE
    NO MAXVALUE
    CACHE 1
);


--
-- Name: system_pcgroup; Type: TABLE; Schema: public; Owner: bpc
--

CREATE TABLE public.system_pcgroup (
    id integer NOT NULL,
    name character varying(255) NOT NULL,
    description text NOT NULL,
    configuration_id integer NOT NULL,
    site_id integer NOT NULL,
    wake_week_plan_id integer
);


ALTER TABLE public.system_pcgroup OWNER TO bpc;

--
-- Name: system_pcgroup_id_seq; Type: SEQUENCE; Schema: public; Owner: bpc
--

ALTER TABLE public.system_pcgroup ALTER COLUMN id ADD GENERATED BY DEFAULT AS IDENTITY (
    SEQUENCE NAME public.system_pcgroup_id_seq
    START WITH 1
    INCREMENT BY 1
    NO MINVALUE
    NO MAXVALUE
    CACHE 1
);


--
-- Name: system_pcgroup_supervisors; Type: TABLE; Schema: public; Owner: bpc
--

CREATE TABLE public.system_pcgroup_supervisors (
    id integer NOT NULL,
    pcgroup_id integer NOT NULL,
    user_id integer NOT NULL
);


ALTER TABLE public.system_pcgroup_supervisors OWNER TO bpc;

--
-- Name: system_pcgroup_supervisors_id_seq; Type: SEQUENCE; Schema: public; Owner: bpc
--

ALTER TABLE public.system_pcgroup_supervisors ALTER COLUMN id ADD GENERATED BY DEFAULT AS IDENTITY (
    SEQUENCE NAME public.system_pcgroup_supervisors_id_seq
    START WITH 1
    INCREMENT BY 1
    NO MINVALUE
    NO MAXVALUE
    CACHE 1
);


--
-- Name: system_product; Type: TABLE; Schema: public; Owner: bpc
--

CREATE TABLE public.system_product (
    id integer NOT NULL,
    name character varying(128) NOT NULL,
    multilang boolean NOT NULL
);


ALTER TABLE public.system_product OWNER TO bpc;

--
-- Name: system_product_id_seq; Type: SEQUENCE; Schema: public; Owner: bpc
--

ALTER TABLE public.system_product ALTER COLUMN id ADD GENERATED BY DEFAULT AS IDENTITY (
    SEQUENCE NAME public.system_product_id_seq
    START WITH 1
    INCREMENT BY 1
    NO MINVALUE
    NO MAXVALUE
    CACHE 1
);


--
-- Name: system_script; Type: TABLE; Schema: public; Owner: bpc
--

CREATE TABLE public.system_script (
    id integer NOT NULL,
    name character varying(255) NOT NULL,
    description text NOT NULL,
    executable_code character varying(255) NOT NULL,
    is_security_script boolean NOT NULL,
    site_id integer,
    maintained_by_magenta boolean NOT NULL,
    created timestamp with time zone,
    modified timestamp with time zone,
    user_created character varying(128) NOT NULL,
    user_modified character varying(128) NOT NULL,
    uid character varying(255),
    is_hidden boolean NOT NULL,
    feature_permission_id integer
);


ALTER TABLE public.system_script OWNER TO bpc;

--
-- Name: system_script_id_seq; Type: SEQUENCE; Schema: public; Owner: bpc
--

ALTER TABLE public.system_script ALTER COLUMN id ADD GENERATED BY DEFAULT AS IDENTITY (
    SEQUENCE NAME public.system_script_id_seq
    START WITH 1
    INCREMENT BY 1
    NO MINVALUE
    NO MAXVALUE
    CACHE 1
);


--
-- Name: system_script_products; Type: TABLE; Schema: public; Owner: bpc
--

CREATE TABLE public.system_script_products (
    id integer NOT NULL,
    script_id integer NOT NULL,
    product_id integer NOT NULL
);


ALTER TABLE public.system_script_products OWNER TO bpc;

--
-- Name: system_script_products_id_seq; Type: SEQUENCE; Schema: public; Owner: bpc
--

ALTER TABLE public.system_script_products ALTER COLUMN id ADD GENERATED BY DEFAULT AS IDENTITY (
    SEQUENCE NAME public.system_script_products_id_seq
    START WITH 1
    INCREMENT BY 1
    NO MINVALUE
    NO MAXVALUE
    CACHE 1
);


--
-- Name: system_script_tags; Type: TABLE; Schema: public; Owner: bpc
--

CREATE TABLE public.system_script_tags (
    id integer NOT NULL,
    script_id integer NOT NULL,
    scripttag_id integer NOT NULL
);


ALTER TABLE public.system_script_tags OWNER TO bpc;

--
-- Name: system_script_tags_id_seq; Type: SEQUENCE; Schema: public; Owner: bpc
--

ALTER TABLE public.system_script_tags ALTER COLUMN id ADD GENERATED BY DEFAULT AS IDENTITY (
    SEQUENCE NAME public.system_script_tags_id_seq
    START WITH 1
    INCREMENT BY 1
    NO MINVALUE
    NO MAXVALUE
    CACHE 1
);


--
-- Name: system_scripttag; Type: TABLE; Schema: public; Owner: bpc
--

CREATE TABLE public.system_scripttag (
    id integer NOT NULL,
    name character varying(255) NOT NULL
);


ALTER TABLE public.system_scripttag OWNER TO bpc;

--
-- Name: system_scripttag_id_seq; Type: SEQUENCE; Schema: public; Owner: bpc
--

ALTER TABLE public.system_scripttag ALTER COLUMN id ADD GENERATED BY DEFAULT AS IDENTITY (
    SEQUENCE NAME public.system_scripttag_id_seq
    START WITH 1
    INCREMENT BY 1
    NO MINVALUE
    NO MAXVALUE
    CACHE 1
);


--
-- Name: system_securityevent; Type: TABLE; Schema: public; Owner: bpc
--

CREATE TABLE public.system_securityevent (
    id integer NOT NULL,
    occurred_time timestamp with time zone NOT NULL,
    reported_time timestamp with time zone NOT NULL,
    summary character varying(4096) NOT NULL,
    complete_log text NOT NULL,
    status character varying(10) NOT NULL,
    note text NOT NULL,
    assigned_user_id integer,
    pc_id integer NOT NULL,
    problem_id integer,
    event_rule_server_id integer,
    CONSTRAINT problem_or_rule_set CHECK ((((event_rule_server_id IS NULL) AND (problem_id IS NOT NULL)) OR ((event_rule_server_id IS NOT NULL) AND (problem_id IS NULL))))
);


ALTER TABLE public.system_securityevent OWNER TO bpc;

--
-- Name: system_securityevent_id_seq; Type: SEQUENCE; Schema: public; Owner: bpc
--

ALTER TABLE public.system_securityevent ALTER COLUMN id ADD GENERATED BY DEFAULT AS IDENTITY (
    SEQUENCE NAME public.system_securityevent_id_seq
    START WITH 1
    INCREMENT BY 1
    NO MINVALUE
    NO MAXVALUE
    CACHE 1
);


--
-- Name: system_securityproblem; Type: TABLE; Schema: public; Owner: bpc
--

CREATE TABLE public.system_securityproblem (
    id integer NOT NULL,
    name character varying(255) NOT NULL,
    description text NOT NULL,
    level character varying(10) NOT NULL,
    security_script_id integer NOT NULL,
    site_id integer NOT NULL
);


ALTER TABLE public.system_securityproblem OWNER TO bpc;

--
-- Name: system_securityproblem_alert_groups; Type: TABLE; Schema: public; Owner: bpc
--

CREATE TABLE public.system_securityproblem_alert_groups (
    id integer NOT NULL,
    securityproblem_id integer NOT NULL,
    pcgroup_id integer NOT NULL
);


ALTER TABLE public.system_securityproblem_alert_groups OWNER TO bpc;

--
-- Name: system_securityproblem_alert_groups_id_seq; Type: SEQUENCE; Schema: public; Owner: bpc
--

ALTER TABLE public.system_securityproblem_alert_groups ALTER COLUMN id ADD GENERATED BY DEFAULT AS IDENTITY (
    SEQUENCE NAME public.system_securityproblem_alert_groups_id_seq
    START WITH 1
    INCREMENT BY 1
    NO MINVALUE
    NO MAXVALUE
    CACHE 1
);


--
-- Name: system_securityproblem_alert_users; Type: TABLE; Schema: public; Owner: bpc
--

CREATE TABLE public.system_securityproblem_alert_users (
    id integer NOT NULL,
    securityproblem_id integer NOT NULL,
    user_id integer NOT NULL
);


ALTER TABLE public.system_securityproblem_alert_users OWNER TO bpc;

--
-- Name: system_securityproblem_alert_users_id_seq; Type: SEQUENCE; Schema: public; Owner: bpc
--

ALTER TABLE public.system_securityproblem_alert_users ALTER COLUMN id ADD GENERATED BY DEFAULT AS IDENTITY (
    SEQUENCE NAME public.system_securityproblem_alert_users_id_seq
    START WITH 1
    INCREMENT BY 1
    NO MINVALUE
    NO MAXVALUE
    CACHE 1
);


--
-- Name: system_securityproblem_id_seq; Type: SEQUENCE; Schema: public; Owner: bpc
--

ALTER TABLE public.system_securityproblem ALTER COLUMN id ADD GENERATED BY DEFAULT AS IDENTITY (
    SEQUENCE NAME public.system_securityproblem_id_seq
    START WITH 1
    INCREMENT BY 1
    NO MINVALUE
    NO MAXVALUE
    CACHE 1
);


--
-- Name: system_site; Type: TABLE; Schema: public; Owner: bpc
--

CREATE TABLE public.system_site (
    id integer NOT NULL,
    name character varying(255) NOT NULL,
    uid character varying(40) NOT NULL,
    configuration_id integer NOT NULL,
    agency_id character varying(50) NOT NULL,
    user_login_duration interval,
    user_quarantine_duration interval,
    created timestamp with time zone,
    rerun_asc boolean NOT NULL,
    citizen_login_api_password character varying(255) NOT NULL,
    citizen_login_api_user character varying(100) NOT NULL,
    booking_api_key character varying(255) NOT NULL,
    booking_api_url character varying(255) NOT NULL,
    citizen_login_api_key character varying(255) NOT NULL,
    customer_id integer
);


ALTER TABLE public.system_site OWNER TO bpc;

--
-- Name: system_site_id_seq; Type: SEQUENCE; Schema: public; Owner: bpc
--

ALTER TABLE public.system_site ALTER COLUMN id ADD GENERATED BY DEFAULT AS IDENTITY (
    SEQUENCE NAME public.system_site_id_seq
    START WITH 1
    INCREMENT BY 1
    NO MINVALUE
    NO MAXVALUE
    CACHE 1
);


--
-- Name: system_wakechangeevent; Type: TABLE; Schema: public; Owner: bpc
--

CREATE TABLE public.system_wakechangeevent (
    id integer NOT NULL,
    name character varying(60) NOT NULL,
    date_start date NOT NULL,
    time_start time without time zone,
    date_end date NOT NULL,
    time_end time without time zone,
    type character varying(15) NOT NULL,
    site_id integer NOT NULL
);


ALTER TABLE public.system_wakechangeevent OWNER TO bpc;

--
-- Name: system_wakechangeevent_id_seq; Type: SEQUENCE; Schema: public; Owner: bpc
--

ALTER TABLE public.system_wakechangeevent ALTER COLUMN id ADD GENERATED BY DEFAULT AS IDENTITY (
    SEQUENCE NAME public.system_wakechangeevent_id_seq
    START WITH 1
    INCREMENT BY 1
    NO MINVALUE
    NO MAXVALUE
    CACHE 1
);


--
-- Name: system_wakeweekplan; Type: TABLE; Schema: public; Owner: bpc
--

CREATE TABLE public.system_wakeweekplan (
    id integer NOT NULL,
    name character varying(60) NOT NULL,
    enabled boolean NOT NULL,
    sleep_state character varying(10) NOT NULL,
    monday_on time without time zone,
    monday_off time without time zone,
    monday_open boolean NOT NULL,
    tuesday_on time without time zone,
    tuesday_off time without time zone,
    tuesday_open boolean NOT NULL,
    wednesday_on time without time zone,
    wednesday_off time without time zone,
    wednesday_open boolean NOT NULL,
    thursday_on time without time zone,
    thursday_off time without time zone,
    thursday_open boolean NOT NULL,
    friday_on time without time zone,
    friday_off time without time zone,
    friday_open boolean NOT NULL,
    saturday_on time without time zone,
    saturday_off time without time zone,
    saturday_open boolean NOT NULL,
    sunday_on time without time zone,
    sunday_off time without time zone,
    sunday_open boolean NOT NULL,
    site_id integer NOT NULL
);


ALTER TABLE public.system_wakeweekplan OWNER TO bpc;

--
-- Name: system_wakeweekplan_id_seq; Type: SEQUENCE; Schema: public; Owner: bpc
--

ALTER TABLE public.system_wakeweekplan ALTER COLUMN id ADD GENERATED BY DEFAULT AS IDENTITY (
    SEQUENCE NAME public.system_wakeweekplan_id_seq
    START WITH 1
    INCREMENT BY 1
    NO MINVALUE
    NO MAXVALUE
    CACHE 1
);


--
-- Name: system_wakeweekplan_wake_change_events; Type: TABLE; Schema: public; Owner: bpc
--

CREATE TABLE public.system_wakeweekplan_wake_change_events (
    id integer NOT NULL,
    wakeweekplan_id integer NOT NULL,
    wakechangeevent_id integer NOT NULL
);


ALTER TABLE public.system_wakeweekplan_wake_change_events OWNER TO bpc;

--
-- Name: system_wakeweekplan_wake_change_events_id_seq; Type: SEQUENCE; Schema: public; Owner: bpc
--

ALTER TABLE public.system_wakeweekplan_wake_change_events ALTER COLUMN id ADD GENERATED BY DEFAULT AS IDENTITY (
    SEQUENCE NAME public.system_wakeweekplan_wake_change_events_id_seq
    START WITH 1
    INCREMENT BY 1
    NO MINVALUE
    NO MAXVALUE
    CACHE 1
);


--
-- Name: two_factor_phonedevice; Type: TABLE; Schema: public; Owner: bpc
--

CREATE TABLE public.two_factor_phonedevice (
    id integer NOT NULL,
    name character varying(64) NOT NULL,
    confirmed boolean NOT NULL,
    number character varying(128) NOT NULL,
    key character varying(40) NOT NULL,
    method character varying(4) NOT NULL,
    user_id integer NOT NULL,
    throttling_failure_count integer NOT NULL,
    throttling_failure_timestamp timestamp with time zone,
    CONSTRAINT two_factor_phonedevice_throttling_failure_count_check CHECK ((throttling_failure_count >= 0))
);


ALTER TABLE public.two_factor_phonedevice OWNER TO bpc;

--
-- Name: two_factor_phonedevice_id_seq; Type: SEQUENCE; Schema: public; Owner: bpc
--

ALTER TABLE public.two_factor_phonedevice ALTER COLUMN id ADD GENERATED BY DEFAULT AS IDENTITY (
    SEQUENCE NAME public.two_factor_phonedevice_id_seq
    START WITH 1
    INCREMENT BY 1
    NO MINVALUE
    NO MAXVALUE
    CACHE 1
);


--
-- Data for Name: account_sitemembership; Type: TABLE DATA; Schema: public; Owner: bpc
--

COPY public.account_sitemembership (id, site_user_type, site_id, user_profile_id) FROM stdin;
1	3	1	1
\.


--
-- Data for Name: account_userprofile; Type: TABLE DATA; Schema: public; Owner: bpc
--

COPY public.account_userprofile (id, user_id, language, is_hidden) FROM stdin;
1	1	da	f
\.


--
-- Data for Name: auth_group; Type: TABLE DATA; Schema: public; Owner: bpc
--

COPY public.auth_group (id, name) FROM stdin;
\.


--
-- Data for Name: auth_group_permissions; Type: TABLE DATA; Schema: public; Owner: bpc
--

COPY public.auth_group_permissions (id, group_id, permission_id) FROM stdin;
\.


--
-- Data for Name: auth_permission; Type: TABLE DATA; Schema: public; Owner: bpc
--

COPY public.auth_permission (id, name, content_type_id, codename) FROM stdin;
1	Can add permission	1	add_permission
2	Can change permission	1	change_permission
3	Can delete permission	1	delete_permission
4	Can view permission	1	view_permission
5	Can add group	2	add_group
6	Can change group	2	change_group
7	Can delete group	2	delete_group
8	Can view group	2	view_group
9	Can add user	3	add_user
10	Can change user	3	change_user
11	Can delete user	3	delete_user
12	Can view user	3	view_user
13	Can add content type	4	add_contenttype
14	Can change content type	4	change_contenttype
15	Can delete content type	4	delete_contenttype
16	Can view content type	4	view_contenttype
17	Can add session	5	add_session
18	Can change session	5	change_session
19	Can delete session	5	delete_session
20	Can view session	5	view_session
21	Can add site	6	add_site
22	Can change site	6	change_site
23	Can delete site	6	delete_site
24	Can view site	6	view_site
25	Can add log entry	7	add_logentry
26	Can change log entry	7	change_logentry
27	Can delete log entry	7	delete_logentry
28	Can view log entry	7	view_logentry
29	Can add static device	8	add_staticdevice
30	Can change static device	8	change_staticdevice
31	Can delete static device	8	delete_staticdevice
32	Can view static device	8	view_staticdevice
33	Can add static token	9	add_statictoken
34	Can change static token	9	change_statictoken
35	Can delete static token	9	delete_statictoken
36	Can view static token	9	view_statictoken
37	Can add TOTP device	10	add_totpdevice
38	Can change TOTP device	10	change_totpdevice
39	Can delete TOTP device	10	delete_totpdevice
40	Can view TOTP device	10	view_totpdevice
41	Can add batch	11	add_batch
42	Can change batch	11	change_batch
43	Can delete batch	11	delete_batch
44	Can view batch	11	view_batch
45	Can add configuration	12	add_configuration
46	Can change configuration	12	change_configuration
47	Can delete configuration	12	delete_configuration
48	Can view configuration	12	view_configuration
49	Can add configuration entry	13	add_configurationentry
50	Can change configuration entry	13	change_configurationentry
51	Can delete configuration entry	13	delete_configurationentry
52	Can view configuration entry	13	view_configurationentry
53	Can add input	14	add_input
54	Can change input	14	change_input
55	Can delete input	14	delete_input
56	Can view input	14	view_input
57	Can add job	15	add_job
58	Can change job	15	change_job
59	Can delete job	15	delete_job
60	Can view job	15	view_job
61	Can add batch parameter	16	add_batchparameter
62	Can change batch parameter	16	change_batchparameter
63	Can delete batch parameter	16	delete_batchparameter
64	Can view batch parameter	16	view_batchparameter
65	Can add pc	17	add_pc
66	Can change pc	17	change_pc
67	Can delete pc	17	delete_pc
68	Can view pc	17	view_pc
69	Can add pc group	18	add_pcgroup
70	Can change pc group	18	change_pcgroup
71	Can delete pc group	18	delete_pcgroup
72	Can view pc group	18	view_pcgroup
73	Can add script	19	add_script
74	Can change script	19	change_script
75	Can delete script	19	delete_script
76	Can view script	19	view_script
77	Can add security event	20	add_securityevent
78	Can change security event	20	change_securityevent
79	Can delete security event	20	delete_securityevent
80	Can view security event	20	view_securityevent
81	Can add security problem	21	add_securityproblem
82	Can change security problem	21	change_securityproblem
83	Can delete security problem	21	delete_securityproblem
84	Can view security problem	21	view_securityproblem
85	Can add site	22	add_site
86	Can change site	22	change_site
87	Can delete site	22	delete_site
88	Can view site	22	view_site
89	Can add associated script	23	add_associatedscript
90	Can change associated script	23	change_associatedscript
91	Can delete associated script	23	delete_associatedscript
92	Can view associated script	23	view_associatedscript
93	Can add associated script parameter	24	add_associatedscriptparameter
94	Can change associated script parameter	24	change_associatedscriptparameter
95	Can delete associated script parameter	24	delete_associatedscriptparameter
96	Can view associated script parameter	24	view_associatedscriptparameter
97	Can add image version	25	add_imageversion
98	Can change image version	25	change_imageversion
99	Can delete image version	25	delete_imageversion
100	Can view image version	25	view_imageversion
101	Can add script tag	26	add_scripttag
102	Can change script tag	26	change_scripttag
103	Can delete script tag	26	delete_scripttag
104	Can view script tag	26	view_scripttag
105	Can add citizen	27	add_citizen
106	Can change citizen	27	change_citizen
107	Can delete citizen	27	delete_citizen
108	Can view citizen	27	view_citizen
109	Can add wake change event	28	add_wakechangeevent
110	Can change wake change event	28	change_wakechangeevent
111	Can delete wake change event	28	delete_wakechangeevent
112	Can view wake change event	28	view_wakechangeevent
113	Can add wake week plan	29	add_wakeweekplan
114	Can change wake week plan	29	change_wakeweekplan
115	Can delete wake week plan	29	delete_wakeweekplan
116	Can view wake week plan	29	view_wakeweekplan
117	Can add feature permission	30	add_featurepermission
118	Can change feature permission	30	change_featurepermission
119	Can delete feature permission	30	delete_featurepermission
120	Can view feature permission	30	view_featurepermission
121	Can add event rule server	31	add_eventruleserver
122	Can change event rule server	31	change_eventruleserver
123	Can delete event rule server	31	delete_eventruleserver
124	Can view event rule server	31	view_eventruleserver
125	Can add api key	32	add_apikey
126	Can change api key	32	change_apikey
127	Can delete api key	32	delete_apikey
128	Can view api key	32	view_apikey
129	Can add login log	33	add_loginlog
130	Can change login log	33	change_loginlog
131	Can delete login log	33	delete_loginlog
132	Can view login log	33	view_loginlog
133	Can add country	34	add_country
134	Can change country	34	change_country
135	Can delete country	34	delete_country
136	Can view country	34	view_country
137	Can add product	35	add_product
138	Can change product	35	change_product
139	Can delete product	35	delete_product
140	Can view product	35	view_product
141	Can add customer	36	add_customer
142	Can change customer	36	change_customer
143	Can delete customer	36	delete_customer
144	Can view customer	36	view_customer
145	Can add user profile	37	add_userprofile
146	Can change user profile	37	change_userprofile
147	Can delete user profile	37	delete_userprofile
148	Can view user profile	37	view_userprofile
149	Can add site membership	38	add_sitemembership
150	Can change site membership	38	change_sitemembership
151	Can delete site membership	38	delete_sitemembership
152	Can view site membership	38	view_sitemembership
153	Can add changelog	39	add_changelog
154	Can change changelog	39	change_changelog
155	Can delete changelog	39	delete_changelog
156	Can view changelog	39	view_changelog
157	Can add changelog tag	40	add_changelogtag
158	Can change changelog tag	40	change_changelogtag
159	Can delete changelog tag	40	delete_changelogtag
160	Can view changelog tag	40	view_changelogtag
161	Can add changelog comment	41	add_changelogcomment
162	Can change changelog comment	41	change_changelogcomment
163	Can delete changelog comment	41	delete_changelogcomment
164	Can view changelog comment	41	view_changelogcomment
\.


--
-- Data for Name: auth_user; Type: TABLE DATA; Schema: public; Owner: bpc
--

COPY public.auth_user (id, password, last_login, is_superuser, username, first_name, last_name, email, is_staff, is_active, date_joined) FROM stdin;
1	pbkdf2_sha256$600000$7BQGfPWtqf4yzDPH9DdEr6$d6jmFF4o6+uk8AUzNFBZkDjUB/NVReQsUJhx9G3PqJo=	2025-05-02 10:50:58.83654+00	t	admin			os2borgerpc_admin@os2borgerpc-vendor.example	t	t	2025-05-02 10:49:52.509578+00
\.


--
-- Data for Name: auth_user_groups; Type: TABLE DATA; Schema: public; Owner: bpc
--

COPY public.auth_user_groups (id, user_id, group_id) FROM stdin;
\.


--
-- Data for Name: auth_user_user_permissions; Type: TABLE DATA; Schema: public; Owner: bpc
--

COPY public.auth_user_user_permissions (id, user_id, permission_id) FROM stdin;
\.


--
-- Data for Name: changelog_changelog; Type: TABLE DATA; Schema: public; Owner: bpc
--

COPY public.changelog_changelog (id, title, description, content, created, updated, published) FROM stdin;
\.


--
-- Data for Name: changelog_changelog_tags; Type: TABLE DATA; Schema: public; Owner: bpc
--

COPY public.changelog_changelog_tags (id, changelog_id, changelogtag_id) FROM stdin;
\.


--
-- Data for Name: changelog_changelogcomment; Type: TABLE DATA; Schema: public; Owner: bpc
--

COPY public.changelog_changelogcomment (id, content, created, changelog_id, parent_comment_id, user_id) FROM stdin;
\.


--
-- Data for Name: changelog_changelogtag; Type: TABLE DATA; Schema: public; Owner: bpc
--

COPY public.changelog_changelogtag (id, name) FROM stdin;
\.


--
-- Data for Name: django_admin_log; Type: TABLE DATA; Schema: public; Owner: bpc
--

COPY public.django_admin_log (id, action_time, object_id, object_repr, action_flag, change_message, content_type_id, user_id) FROM stdin;
\.


--
-- Data for Name: django_content_type; Type: TABLE DATA; Schema: public; Owner: bpc
--

COPY public.django_content_type (id, app_label, model) FROM stdin;
1	auth	permission
2	auth	group
3	auth	user
4	contenttypes	contenttype
5	sessions	session
6	sites	site
7	admin	logentry
8	otp_static	staticdevice
9	otp_static	statictoken
10	otp_totp	totpdevice
11	system	batch
12	system	configuration
13	system	configurationentry
14	system	input
15	system	job
16	system	batchparameter
17	system	pc
18	system	pcgroup
19	system	script
20	system	securityevent
21	system	securityproblem
22	system	site
23	system	associatedscript
24	system	associatedscriptparameter
25	system	imageversion
26	system	scripttag
27	system	citizen
28	system	wakechangeevent
29	system	wakeweekplan
30	system	featurepermission
31	system	eventruleserver
32	system	apikey
33	system	loginlog
34	system	country
35	system	product
36	system	customer
37	account	userprofile
38	account	sitemembership
39	changelog	changelog
40	changelog	changelogtag
41	changelog	changelogcomment
\.


--
-- Data for Name: django_migrations; Type: TABLE DATA; Schema: public; Owner: bpc
--

COPY public.django_migrations (id, app, name, applied) FROM stdin;
1	contenttypes	0001_initial	2025-05-02 10:49:46.206129+00
2	auth	0001_initial	2025-05-02 10:49:46.234857+00
3	system	0001_initial	2025-05-02 10:49:46.742869+00
4	system	0002_pc_location	2025-05-02 10:49:46.747098+00
5	system	0003_auto_20180607_1324	2025-05-02 10:49:46.751126+00
6	system	0004_auto_20180607_1325	2025-05-02 10:49:46.755169+00
7	system	0005_auto_20190225_1620	2025-05-02 10:49:46.759189+00
8	system	0006_imageversion	2025-05-02 10:49:46.794375+00
9	system	0007_auto_20200214_1326	2025-05-02 10:49:46.802359+00
10	system	0008_auto_20201210_0950	2025-05-02 10:49:47.071513+00
11	account	0001_initial	2025-05-02 10:49:47.108757+00
12	account	0002_auto_20210409_1139	2025-05-02 10:49:47.155473+00
13	account	0003_migrate_from_single_site_to_multiple_sites	2025-05-02 10:49:47.173088+00
14	account	0004_auto_20210409_1223	2025-05-02 10:49:47.206745+00
15	account	0005_userprofile_language	2025-05-02 10:49:47.222308+00
16	account	0006_alter_userprofile_user	2025-05-02 10:49:47.240837+00
17	account	0007_userprofile_is_hidden	2025-05-02 10:49:47.255507+00
18	account	0008_alter_sitemembership_site_user_type	2025-05-02 10:49:47.273639+00
19	admin	0001_initial	2025-05-02 10:49:47.298634+00
20	admin	0002_logentry_remove_auto_add	2025-05-02 10:49:47.308617+00
21	admin	0003_logentry_add_action_flag_choices	2025-05-02 10:49:47.318448+00
22	contenttypes	0002_remove_content_type_name	2025-05-02 10:49:47.343529+00
23	auth	0002_alter_permission_name_max_length	2025-05-02 10:49:47.362802+00
24	auth	0003_alter_user_email_max_length	2025-05-02 10:49:47.381593+00
25	auth	0004_alter_user_username_opts	2025-05-02 10:49:47.400367+00
26	auth	0005_alter_user_last_login_null	2025-05-02 10:49:47.419105+00
27	auth	0006_require_contenttypes_0002	2025-05-02 10:49:47.422268+00
28	auth	0007_alter_validators_add_error_messages	2025-05-02 10:49:47.44196+00
29	auth	0008_alter_user_username_max_length	2025-05-02 10:49:47.46194+00
30	auth	0009_alter_user_last_name_max_length	2025-05-02 10:49:47.520883+00
31	auth	0010_alter_group_name_max_length	2025-05-02 10:49:47.547917+00
32	auth	0011_update_proxy_permissions	2025-05-02 10:49:47.570667+00
33	auth	0012_alter_user_first_name_max_length	2025-05-02 10:49:47.590773+00
34	changelog	0001_initial	2025-05-02 10:49:47.648218+00
35	changelog	0002_remove_changelog_author_remove_changelog_version_and_more	2025-05-02 10:49:47.659756+00
36	otp_static	0001_initial	2025-05-02 10:49:47.728763+00
37	otp_static	0002_throttling	2025-05-02 10:49:47.749864+00
38	otp_totp	0001_initial	2025-05-02 10:49:47.775978+00
39	otp_totp	0002_auto_20190420_0723	2025-05-02 10:49:47.796672+00
40	sessions	0001_initial	2025-05-02 10:49:47.803912+00
41	sites	0001_initial	2025-05-02 10:49:47.808457+00
42	sites	0002_alter_domain_unique	2025-05-02 10:49:47.813666+00
43	system	0009_auto_20210511_1424	2025-05-02 10:49:47.830394+00
44	system	0010_auto_20210628_1127	2025-05-02 10:49:47.875742+00
45	system	0011_script_maintained_by_magenta	2025-05-02 10:49:47.887779+00
46	system	0012_script_deleted	2025-05-02 10:49:47.899791+00
47	system	0013_add_created_and_modified_fields	2025-05-02 10:49:47.937027+00
48	system	0014_script_author	2025-05-02 10:49:47.957044+00
49	system	0015_add_script_tags	2025-05-02 10:49:48.030775+00
50	system	0016_auto_20210525_1238	2025-05-02 10:49:48.043689+00
51	system	0017_auto_20210712_1136	2025-05-02 10:49:48.087954+00
52	system	0018_set_os2_product_config_entry_for_pcs	2025-05-02 10:49:48.112175+00
53	system	0019_auto_20210713_1549	2025-05-02 10:49:48.125007+00
54	system	0020_image_version_updates	2025-05-02 10:49:48.136764+00
55	system	0021_auto_20210809_1308	2025-05-02 10:49:48.156779+00
56	system	0022_auto_20210809_1500	2025-05-02 10:49:48.177936+00
57	system	0023_auto_20210902_1223	2025-05-02 10:49:48.263457+00
58	system	0024_auto_20210902_1240	2025-05-02 10:49:48.322888+00
59	system	0025_renaming	2025-05-02 10:49:48.464096+00
60	system	0026_auto_20210920_1436	2025-05-02 10:49:48.490767+00
61	system	0027_remove_site_security_alerts	2025-05-02 10:49:48.514899+00
62	system	0028_auto_20210930_1146	2025-05-02 10:49:48.533568+00
63	system	0029_auto_20211004_1516	2025-05-02 10:49:48.547848+00
64	system	0030_auto_20211012_1208	2025-05-02 10:49:48.561782+00
65	system	0031_auto_20211029_1102	2025-05-02 10:49:48.7142+00
66	system	0032_auto_20211108_1511	2025-05-02 10:49:48.729061+00
67	system	0033_site_isil	2025-05-02 10:49:48.741081+00
68	system	0034_auto_20211111_1256	2025-05-02 10:49:48.810949+00
69	system	0035_auto_20211111_1330	2025-05-02 10:49:48.886801+00
70	system	0036_auto_20211117_1423	2025-05-02 10:49:48.916947+00
71	system	0037_auto_20211118_1248	2025-05-02 10:49:48.938149+00
72	system	0038_auto_20211118_1431	2025-05-02 10:49:48.982104+00
73	system	0039_auto_20211122_1511	2025-05-02 10:49:49.286771+00
74	system	0040_alter_imageversion_platform	2025-05-02 10:49:49.292537+00
75	system	0041_alter_configurationentry_options	2025-05-02 10:49:49.298842+00
76	system	0042_alter_imageversion_release_notes	2025-05-02 10:49:49.302999+00
77	system	0043_alter_input_value_type	2025-05-02 10:49:49.312487+00
78	system	0044_alter_imageversion_platform	2025-05-02 10:49:49.316654+00
79	system	0045_auto_20220401_1050	2025-05-02 10:49:49.336948+00
80	system	0046_auto_20220401_1158	2025-05-02 10:49:49.380449+00
81	system	0047_rename_script_associatedscriptparameter_associated_script	2025-05-02 10:49:49.39129+00
82	system	0048_rename_ocurred_time_securityevent_occurred_time	2025-05-02 10:49:49.406181+00
83	system	0049_auto_20220404_1419	2025-05-02 10:49:49.422285+00
84	system	0050_alter_input_value_type	2025-05-02 10:49:49.431662+00
85	system	0051_alter_securityproblem_uid	2025-05-02 10:49:49.452821+00
86	system	0052_auto_20220530_1128	2025-05-02 10:49:49.502407+00
87	system	0053_auto_20220602_1522	2025-05-02 10:49:49.52329+00
88	system	0054_alter_pc_uid	2025-05-02 10:49:49.53772+00
89	system	0055_alter_input_value_type	2025-05-02 10:49:49.547171+00
90	system	0056_auto_20220629_0922	2025-05-02 10:49:49.562997+00
91	system	0057_auto_20220725_1036	2025-05-02 10:49:49.583255+00
92	system	0058_auto_20220822_1252	2025-05-02 10:49:49.656882+00
93	system	0059_auto_20220926_1158	2025-05-02 10:49:49.696995+00
94	system	0060_alter_changelog_options	2025-05-02 10:49:49.708162+00
95	system	0061_alter_batch_options	2025-05-02 10:49:49.763032+00
96	system	0062_auto_20221026_1245	2025-05-02 10:49:49.84354+00
97	system	0063_auto_20221027_1033	2025-05-02 10:49:49.911781+00
98	system	0064_wakechangeevent_site	2025-05-02 10:49:49.939629+00
99	system	0065_input_default_value	2025-05-02 10:49:49.950453+00
100	system	0066_alter_imageversion_platform	2025-05-02 10:49:49.95463+00
101	system	0067_remove_securityproblem_unique_uid_per_site_and_more	2025-05-02 10:49:49.994341+00
102	system	0068_site_rerun_asc	2025-05-02 10:49:50.00954+00
103	system	0069_remove_changelogcomment_changelog_and_more	2025-05-02 10:49:50.090643+00
104	system	0070_pcgroup_supervisors	2025-05-02 10:49:50.119291+00
105	system	0071_remove_pc_is_update_required	2025-05-02 10:49:50.136717+00
106	system	0072_eventruleserver_alter_securityevent_problem_and_more	2025-05-02 10:49:50.390407+00
107	system	0073_citizen_logged_in_and_more	2025-05-02 10:49:50.430846+00
108	system	0074_apikey	2025-05-02 10:49:50.4593+00
109	system	0075_alter_site_rerun_asc	2025-05-02 10:49:50.483944+00
110	system	0076_remove_site_cicero_password_remove_site_cicero_user_and_more	2025-05-02 10:49:50.647315+00
111	system	0077_alter_site_citizen_login_api_password	2025-05-02 10:49:50.6733+00
112	system	0078_site_booking_api_key_loginlog	2025-05-02 10:49:50.715751+00
113	system	0079_site_booking_api_url	2025-05-02 10:49:50.733108+00
114	system	0080_alter_eventruleserver_level_alter_job_status_and_more	2025-05-02 10:49:50.80614+00
115	system	0081_country_site_is_testsite_site_country	2025-05-02 10:49:50.858829+00
116	system	0082_product_alter_imageversion_options_and_more	2025-05-02 10:49:50.931802+00
117	system	0083_site_citizen_login_api_key_alter_site_isil	2025-05-02 10:49:51.04412+00
118	system	0084_alter_input_value_type	2025-05-02 10:49:51.069119+00
119	system	0085_alter_job_status	2025-05-02 10:49:51.088201+00
120	system	0086_remove_featurepermission_sites_remove_site_country_and_more	2025-05-02 10:49:51.260182+00
121	system	0087_alter_script_executable_code	2025-05-02 10:49:51.289584+00
122	two_factor	0001_initial	2025-05-02 10:49:51.321232+00
123	two_factor	0002_auto_20150110_0810	2025-05-02 10:49:51.336724+00
124	two_factor	0003_auto_20150817_1733	2025-05-02 10:49:51.37711+00
125	two_factor	0004_auto_20160205_1827	2025-05-02 10:49:51.392814+00
126	two_factor	0005_auto_20160224_0450	2025-05-02 10:49:51.513492+00
127	two_factor	0006_phonedevice_key_default	2025-05-02 10:49:51.53464+00
128	two_factor	0007_auto_20201201_1019	2025-05-02 10:49:51.562865+00
129	system	0001_squashed_base	2025-05-02 10:49:51.568376+00
\.


--
-- Data for Name: django_session; Type: TABLE DATA; Schema: public; Owner: bpc
--

COPY public.django_session (session_key, session_data, expire_date) FROM stdin;
7jbbdqnqaas7bsystjgesyl032tbmrf1	.eJxVjMtuwjAQRf_F6yoijU3tLLvnG6x5QdxaDoqdgED8O4Zm0ezm3HPv3NUl3GBiH8dTSH4JclH9XeUiZ9WnOcaP9-0ZClTxWPEYouQ_lmuZ4J9fIIZKwn4zrMbDXAY_Z5l8YNWrVm0yBPqV9BL8A-k0NjSmMgVsXpVmtbk5jCzxe-1uHgyQh7p26KxGQatNZ5xtNRr-PFrqWhL9xTtHjvaazQ46A7VKrcMqLXa0F0KrHk8glF7q:1uAnys:lhYAotBtnWSo-87MmhKev5IuLXsQd7br8RFFJxiJNVw	2025-05-16 10:50:58.838815+00
\.


--
-- Data for Name: django_site; Type: TABLE DATA; Schema: public; Owner: bpc
--

COPY public.django_site (id, domain, name) FROM stdin;
1	example.com	example.com
\.


--
-- Data for Name: otp_static_staticdevice; Type: TABLE DATA; Schema: public; Owner: bpc
--

COPY public.otp_static_staticdevice (id, name, confirmed, user_id, throttling_failure_count, throttling_failure_timestamp) FROM stdin;
\.


--
-- Data for Name: otp_static_statictoken; Type: TABLE DATA; Schema: public; Owner: bpc
--

COPY public.otp_static_statictoken (id, token, device_id) FROM stdin;
\.


--
-- Data for Name: otp_totp_totpdevice; Type: TABLE DATA; Schema: public; Owner: bpc
--

COPY public.otp_totp_totpdevice (id, name, confirmed, key, step, t0, digits, tolerance, drift, last_t, user_id, throttling_failure_count, throttling_failure_timestamp) FROM stdin;
\.


--
-- Data for Name: system_apikey; Type: TABLE DATA; Schema: public; Owner: bpc
--

COPY public.system_apikey (id, key, description, created, site_id) FROM stdin;
\.


--
-- Data for Name: system_associatedscript; Type: TABLE DATA; Schema: public; Owner: bpc
--

COPY public.system_associatedscript (id, "position", group_id, script_id) FROM stdin;
\.


--
-- Data for Name: system_associatedscriptparameter; Type: TABLE DATA; Schema: public; Owner: bpc
--

COPY public.system_associatedscriptparameter (id, string_value, file_value, input_id, associated_script_id) FROM stdin;
\.


--
-- Data for Name: system_batch; Type: TABLE DATA; Schema: public; Owner: bpc
--

COPY public.system_batch (id, name, script_id, site_id) FROM stdin;
\.


--
-- Data for Name: system_batchparameter; Type: TABLE DATA; Schema: public; Owner: bpc
--

COPY public.system_batchparameter (id, string_value, file_value, batch_id, input_id) FROM stdin;
\.


--
-- Data for Name: system_citizen; Type: TABLE DATA; Schema: public; Owner: bpc
--

COPY public.system_citizen (id, citizen_id, last_successful_login, site_id, logged_in) FROM stdin;
\.


--
-- Data for Name: system_configuration; Type: TABLE DATA; Schema: public; Owner: bpc
--

COPY public.system_configuration (id, name) FROM stdin;
1	default
\.


--
-- Data for Name: system_configurationentry; Type: TABLE DATA; Schema: public; Owner: bpc
--

COPY public.system_configurationentry (id, key, value, owner_configuration_id) FROM stdin;
\.


--
-- Data for Name: system_country; Type: TABLE DATA; Schema: public; Owner: bpc
--

COPY public.system_country (id, name) FROM stdin;
1	Default
\.


--
-- Data for Name: system_customer; Type: TABLE DATA; Schema: public; Owner: bpc
--

COPY public.system_customer (id, name, paid_for_access_until, is_test, country_id) FROM stdin;
1	Default	\N	f	1
\.


--
-- Data for Name: system_eventruleserver; Type: TABLE DATA; Schema: public; Owner: bpc
--

COPY public.system_eventruleserver (id, name, description, level, monitor_period_start, monitor_period_end, maximum_offline_period, site_id) FROM stdin;
\.


--
-- Data for Name: system_eventruleserver_alert_groups; Type: TABLE DATA; Schema: public; Owner: bpc
--

COPY public.system_eventruleserver_alert_groups (id, eventruleserver_id, pcgroup_id) FROM stdin;
\.


--
-- Data for Name: system_eventruleserver_alert_users; Type: TABLE DATA; Schema: public; Owner: bpc
--

COPY public.system_eventruleserver_alert_users (id, eventruleserver_id, user_id) FROM stdin;
\.


--
-- Data for Name: system_featurepermission; Type: TABLE DATA; Schema: public; Owner: bpc
--

COPY public.system_featurepermission (id, name, uid) FROM stdin;
1	Default	wake_plan
\.


--
-- Data for Name: system_featurepermission_customers; Type: TABLE DATA; Schema: public; Owner: bpc
--

COPY public.system_featurepermission_customers (id, featurepermission_id, customer_id) FROM stdin;
1	1	1
\.


--
-- Data for Name: system_imageversion; Type: TABLE DATA; Schema: public; Owner: bpc
--

COPY public.system_imageversion (id, image_version, release_date, os, release_notes, image_upload, image_upload_multilang, product_id) FROM stdin;
\.


--
-- Data for Name: system_input; Type: TABLE DATA; Schema: public; Owner: bpc
--

COPY public.system_input (id, name, value_type, "position", mandatory, script_id, default_value) FROM stdin;
1	Startside-URL	STRING	0	t	1	\N
2	Ekstra faneblade	STRING	1	f	1	\N
3	Forsinkelse	INT	0	t	2	0
4	URL	STRING	1	t	2	\N
5	Bredde	STRING	2	t	2	auto
6	Hjde	STRING	3	t	2	auto
7	Orientation	TEXT_FIELD	4	f	2	normal, inverted, left, right
8	Ls ned for browser-genvejstaster?	TEXT_FIELD	5	f	2	0: Ingen nedlsning af genvejstaster, 1: Ls genvejstaster bortset fra print genindls og zoom, 2: Ls alt
9	Tilfj logud-knappen?	BOOLEAN	0	f	3	\N
10	Genvejsnavn	STRING	1	t	3	\N
11	Indst i starten af menuen?	BOOLEAN	2	f	3	\N
12	Ikon	FILE	3	f	3	\N
13	Tilfj?	BOOLEAN	0	f	4	\N
14	Sti til mappe	STRING	1	t	4	\N
15	Genvejsnavn	STRING	2	t	4	\N
16	nsket tilstand (se beskrivelse)	TEXT_FIELD	0	t	5	none,maximized,fullscreen,kiosk
17	Tilfj skrmtastatur?	BOOLEAN	0	f	6	\N
18	Sl kr prompt fra	BOOLEAN	0	f	7	\N
19	Giv adgang til terminalen	BOOLEAN	0	f	8	\N
20	St borger som standard	BOOLEAN	0	f	9	\N
21	Aktiver?	BOOLEAN	0	f	10	\N
22	Antal MINUTTER til dialog bliver vist	INT	1	t	10	\N
23	Antal MINUTTER til brugeren bliver logget ud	INT	2	t	10	\N
24	Tekst som bliver vist i dialogboksen	STRING	3	f	10	\N
25	Tekst som bliver vist p dialogboks knappen	STRING	4	f	10	\N
26	Giv adgang til Indstillinger	BOOLEAN	0	f	11	\N
27	Navn (OBS: INGEN , mellemrum eller apostrofer)	STRING	0	t	12	\N
28	IP-adresse	STRING	1	t	12	\N
29	Beskrivelse / Placering (INGEN )	STRING	2	t	12	\N
30	Protokol	STRING	3	f	12	ipp
31	St som standard?	BOOLEAN	4	f	12	\N
32	Sl numlock til	BOOLEAN	0	f	13	\N
33	Vis forkortet oversigt	BOOLEAN	0	f	14	\N
34	Blokr for GNOME Remote Desktop?	BOOLEAN	0	f	15	\N
35	Aktiver?	BOOLEAN	0	f	16	\N
36	Genvejsnavn	STRING	1	t	16	\N
37	Bekrftelse p logud?	BOOLEAN	2	f	16	\N
38	Ikon til genvejen (png/svg/jpg)	FILE	3	f	16	\N
39	Aktiver?	BOOLEAN	0	f	17	\N
40	Antal MINUTTER til dialog bliver vises	INT	1	t	17	\N
41	Antal MINUTTER til dvale aktiveres	INT	2	t	17	\N
42	Tekst som bliver vist i dialogboksen	STRING	3	f	17	\N
43	Tekst som bliver vist p dialogboks knappen	STRING	4	f	17	\N
44	Printer-navn	STRING	0	t	19	\N
45	PageSize (f.eks. A4 eller Letter)	STRING	1	f	19	A4
46	ColorModel (f.eks. RGB eller Gray)	STRING	2	f	19	\N
47	Duplex (f.eks. DuplexTumble eller None)	STRING	3	f	19	\N
48	Print-orientering	TEXT_FIELD	4	f	19	,Portrait,Landscape,Reverse landscape,Reverse portrait
49	Aktivr	BOOLEAN	0	f	21	\N
50	Udvidelser	STRING	1	f	21	\N
51	URL	STRING	0	t	23	\N
52	Aktivr?	BOOLEAN	0	f	25	\N
53	URL	STRING	1	t	25	\N
54	Genvejsnavn	STRING	2	t	25	\N
55	Ikon (Valgfri. Hvis tom benyttes et standard-ikon.)	FILE	3	f	25	\N
56	Skjul superuser-brugeren	BOOLEAN	0	f	26	\N
57	Vis loginfelt til valgfri bruger	BOOLEAN	1	f	26	\N
58	Navn	STRING	0	t	27	\N
59	Installr Okular og skift til standard-PDF-lser	BOOLEAN	0	f	28	\N
60	Aktiver?	BOOLEAN	0	f	29	\N
61	Tilfj knappen?	BOOLEAN	0	f	31	\N
62	Hvilken browser/program?	STRING	1	t	31	chromium
63	Knap-ikon	FILE	2	t	31	\N
64	Y-akse-justering	INT	3	t	31	0
65	Aktiver?	BOOLEAN	0	f	33	\N
66	Slet alle tidligere gemte login scripts fra computeren	BOOLEAN	0	f	34	\N
67	Timer	STRING	0	t	35	\N
68	Minutter	STRING	1	f	35	0
69	Aktiver?	BOOLEAN	0	f	36	\N
70	Programmets navn	STRING	0	t	37	\N
71	Sl autostart til	BOOLEAN	1	f	37	\N
72	Kodeord	PASSWORD	0	t	38	\N
73	Gentag kodeord	PASSWORD	1	t	38	\N
74	Aktivr fix?	BOOLEAN	0	f	41	\N
75	Aktivr? (hak: fjern skriverettighed / udelad hak: giv skriverettighed)	BOOLEAN	0	f	44	\N
76	Sted	STRING	0	t	45	\N
77	Aktiver generelle opdateringer (sikkerhed/alt/falsk)	STRING	0	t	46	\N
78	Antal sekunder	INT	0	t	47	\N
79	Navn (OBS: INGEN , mellemrum eller apostrofer)	STRING	0	t	49	\N
80	IP-adresse	STRING	1	t	49	\N
81	Beskrivelse / Placering (INGEN )	STRING	2	t	49	\N
82	PPD-fil	FILE	3	t	49	\N
83	Protokol	STRING	4	f	49	socket
84	St som standard?	BOOLEAN	5	f	49	\N
85	Mandag tnd	STRING	0	t	50	\N
86	Mandag sluk	STRING	1	t	50	\N
87	Tirsdag tnd	STRING	2	t	50	\N
88	Tirsdag sluk	STRING	3	t	50	\N
89	Onsdag tnd	STRING	4	t	50	\N
90	Onsdag sluk	STRING	5	t	50	\N
91	Torsdag tnd	STRING	6	t	50	\N
92	Torsdag sluk	STRING	7	t	50	\N
93	Fredag tnd	STRING	8	t	50	\N
94	Fredag sluk	STRING	9	t	50	\N
95	Lrdag tnd	STRING	10	t	50	\N
96	Lrdag sluk	STRING	11	t	50	\N
97	Sndag tnd	STRING	12	t	50	\N
98	Sndag sluk	STRING	13	t	50	\N
99	Undtagelser: Lukkedage og ndrede bningstider	STRING	14	t	50	\N
100	mode	STRING	15	t	50	\N
101	Tilfj programmet?	BOOLEAN	0	f	52	\N
102	Program	STRING	1	t	52	\N
103	VNC kodeord	STRING	0	t	53	\N
104	Aktivr	BOOLEAN	0	f	55	\N
105	Printer-navn	STRING	0	t	56	\N
106	Aktivr?	BOOLEAN	0	f	57	\N
107	Navn (OBS: INGEN , mellemrum eller apostrofer)	STRING	0	t	58	\N
108	ID	INT	1	t	58	\N
109	Beskrivelse / Placering (INGEN )	STRING	2	t	58	\N
110	St som standardprinter	BOOLEAN	3	f	58	\N
111	Baggrundsbillede	FILE	0	t	59	\N
112	Billedeindstillinger (se muligheder i beskrivelsen)	TEXT_FIELD	1	f	59	zoom, centered, stretched, scaled, spanned, wallpaper, none
113	Tilfj programmet?	BOOLEAN	0	f	60	\N
114	Programnavn	STRING	1	t	60	\N
115	Aktiver?	BOOLEAN	0	f	61	\N
116	Sikkerhedsngle	STRING	1	t	61	\N
117	Udskift browseren i venstremenuen med flgende browser (se muligheder i beskrivelse)	TEXT_FIELD	0	f	63	firefox,google-chrome
118	Startside-URL	STRING	0	t	64	\N
119	Ekstra faneblade	STRING	1	f	64	\N
120	Sl 'Tip of the Day' fra	BOOLEAN	0	f	65	\N
121	Brug Microsofts filformater	BOOLEAN	1	f	65	\N
122	Aktiver automatisk borgerlogin	BOOLEAN	0	f	66	\N
123	Hvis ikke-automatisk login: Borger skal indtaste kodeord	BOOLEAN	1	f	66	\N
124	Installr?	BOOLEAN	0	f	67	\N
125	Installer Samba og opret delt mappe?	BOOLEAN	0	f	69	\N
126	Navn p mappen p skrivebordet	STRING	1	t	69	\N
127	nsket kodeord til Samba-brugeren	PASSWORD	2	t	69	\N
128	Deaktiver NTLMv1 (s kun NTLMv2 og nyere tillades)	BOOLEAN	3	f	69	\N
129	Tillad forbindelse over NetBIOS	BOOLEAN	4	f	69	\N
130	Navn	STRING	0	t	70	\N
131	Fjern hviletilstand?	BOOLEAN	0	f	71	\N
132	Fjern ogs luk ned og genstart?	BOOLEAN	1	f	71	\N
133	nsket standardbrowser	TEXT_FIELD	0	f	73	firefox,google-chrome
134	Alternativ standardbrowser (hvis din nskede browser ikke er p listen)	STRING	1	f	73	\N
135	Aktiver?	BOOLEAN	0	f	74	\N
136	Interval	INT	0	t	75	\N
137	Aktiver?	BOOLEAN	0	f	76	\N
138	Aktiver?	BOOLEAN	0	f	77	\N
139	Antal MINUTTER til logud	INT	1	t	77	\N
140	Tekst der vises fr tidspunktet i nedtllingen	STRING	2	f	77	\N
141	Antal SEKUNDER tilbage af nedtllingen hvor bruger advares	INT	3	f	77	\N
142	Tekst i advarselsinfoboks om kommende logud	STRING	4	f	77	\N
143	Sl automatisk netvrksprinter-finding FRA?	BOOLEAN	0	f	78	\N
144	Adgangskode	PASSWORD	0	t	79	\N
145	Aktivr?	BOOLEAN	0	f	80	\N
146	Billede	FILE	1	f	80	\N
147	nsket position for menuen (LEFT er standard)	TEXT_FIELD	0	f	83	LEFT,RIGHT,TOP,BOTTOM
148	Flyt applikationsbner-knappen til starten af menuen? (udeladt hak er standard)	BOOLEAN	1	f	83	\N
\.


--
-- Data for Name: system_job; Type: TABLE DATA; Schema: public; Owner: bpc
--

COPY public.system_job (id, status, log_output, started, finished, batch_id, pc_id, user_id, created) FROM stdin;
\.


--
-- Data for Name: system_loginlog; Type: TABLE DATA; Schema: public; Owner: bpc
--

COPY public.system_loginlog (id, identifier, date, login_time, logout_time, site_id) FROM stdin;
\.


--
-- Data for Name: system_pc; Type: TABLE DATA; Schema: public; Owner: bpc
--

COPY public.system_pc (id, name, uid, description, is_activated, created, last_seen, configuration_id, site_id, location, mac) FROM stdin;
\.


--
-- Data for Name: system_pc_pc_groups; Type: TABLE DATA; Schema: public; Owner: bpc
--

COPY public.system_pc_pc_groups (id, pc_id, pcgroup_id) FROM stdin;
\.


--
-- Data for Name: system_pcgroup; Type: TABLE DATA; Schema: public; Owner: bpc
--

COPY public.system_pcgroup (id, name, description, configuration_id, site_id, wake_week_plan_id) FROM stdin;
\.


--
-- Data for Name: system_pcgroup_supervisors; Type: TABLE DATA; Schema: public; Owner: bpc
--

COPY public.system_pcgroup_supervisors (id, pcgroup_id, user_id) FROM stdin;
\.


--
-- Data for Name: system_product; Type: TABLE DATA; Schema: public; Owner: bpc
--

COPY public.system_product (id, name, multilang) FROM stdin;
\.


--
-- Data for Name: system_script; Type: TABLE DATA; Schema: public; Owner: bpc
--

COPY public.system_script (id, name, description, executable_code, is_security_script, site_id, maintained_by_magenta, created, modified, user_created, user_modified, uid, is_hidden, feature_permission_id) FROM stdin;
1	Firefox: St startside(r) (version: 1)	## Beskrivelse\nScriptet fjerner alle default startsider (inkl. fanen "Firefox Privacy Notice"), som kres hver gang Firefox startes for frste gang i en given ny bruger-session. \n\nScriptet implementerer policies, der bla.a. deaktiverer slut-brugers' mulighed for at installere udvidelser samt at logge p(browser sync). \nYdermere deaktiveres lagring af historik og cache, gem-password, tracking, m.m. \n\nFor mere info de konkrete implementerede policies henvises til at lse scriptet, hvor man kan krydsrefere med Mozillas dokumentation her: \nhttps://github.com/mozilla/policy-templates \n\nUdover at stte startsiden kan man ogs tilfje en liste yderligere ekstra faner man kunne tnke sig. Ls mere forneden.\n\nDette script er blevet testet og virker p Ubuntu 22.04.\nIndbygget i OS2BorgerPC image version 5.0.0 og senere hvor det kres med parameteren https://borger.dks\nUdviklet og testet i samarbejde med Aarhus kommune.\n\n## Parametre\nStartside-URL : tekststreng \\\nEkstra faneblade : tekststreng\n\n### Eksempel med startside plus 1 ekstra fane\n\nStartside-URL: `https://borger.dk` \\\nEkstra faneblade: `https://info.jobnet.dk/`\n\n### Eksempel med startside plus 3 ekstra faner\n\nURL'erne separes med `|` som herunder.\n\nEkstra faneblade : `https://info.jobnet.dk/|https://skat.dk|https://www.sundhed.dk/`	script_uploads/downloaded_core_scripts/os2borgerpc-core-scripts/a96d19567bf5c002c76d16cf80f6c894c2af499/scripts/firefox_global_policies.sh	f	\N	f	2025-05-08 07:53:14.973339+00	2025-05-08 07:53:14.973355+00			\N	f	\N
2	Autostart Chromium p Kiosk (version: 1)	## Beskrivelse\nStart Chromium i kiosk-mode og st startside URLen.\n\nDette script forudstter at flgendes scripts allerede er krt:\n- Chromium Installer\n\nChromium Autostart slr automatisk kiosk-tilstand til, men ikke inkognito.\n\nHvis du benytter skrmtastatur-scriptet og genkrer dette script, skal skrmtastatur-scriptet kres igen herefter.\n\nScriptet krver en genstart fr det tager effekt.\n\nDette script er blevet testet og virker p Ubuntu 22.04.\n\n## Parametre\nDer angives en forsinkelse fr browseren startes, der kan hjlpe med at lse evt. timing issues (som regel virker det fint med 1 sekund, der angives ved tallet 1).\n\nSkrmens hjde og bredde skal sttes til skrmens korrekte oplsning.\n\nDesuden skal der angives en orientering, som kan vre "left", "right" eller "normal".	script_uploads/downloaded_core_scripts/os2borgerpc-core-scripts/a96d19567bf5c002c76d16cf80f6c894c2af499/scripts/chromium_autostart.sh	f	\N	f	2025-05-08 07:53:14.989201+00	2025-05-08 07:53:14.989212+00			\N	f	\N
3	Genvej til logud fra menu (version: 1)	## Beskrivelse\nOpretter en logud-genvej i menuen med valgfrit ikon. Man kan ogs undlade at vlge et ikon selv, og s benyttes et standard-ikon. Ikonet skal vre i et af flgende formater: \n.svg, .png, .jpg/.jpeg\nDette script er blevet testet og virker p Ubuntu 22.04.\n\n## Parametre\n1. Tilfj logud-knappen?: Skal genvejen tilfjes eller fjernes? \n    St hak for at tilfje.\n    Lad st tom for at slette den, s fremt den findes.\n2. Genvejsnavn: Navnet du nsker, genvejen skal have. Denne kan ses hvis Borgeren holder musen hen over genvejen.\n3. Indst i starten af menuen?: Skal genvejen sttes i starten eller enden af menuen?\n    St hak for at stte den i starten.\n4. Ikon: Her kan du uploade eget ikon at bruge til genvejen. Du kan ogs udelade at uploade et ikon, og der vil i s fald blive brugt et standard-ikon til genvejen.	script_uploads/downloaded_core_scripts/os2borgerpc-core-scripts/a96d19567bf5c002c76d16cf80f6c894c2af499/scripts/desktop_launcher_logout_button_icon.sh	f	\N	f	2025-05-08 07:53:15.001552+00	2025-05-08 07:53:15.001564+00			\N	f	\N
4	Genvej p skrivebordet til valgfri mappe (version: 1)	## Beskrivelse\nOpretter/fjerner en genvej p skrivebordet til en valgfri mappe.\nDette script er blevet testet og virker p Ubuntu 22.04.\n\n## Parametre\n1. Tilfj?:  St hak: Genvejen tilfjes til Skrivebordet. Fjern hak: Genvejen fjernes fra Skrivebordet (hvis det ligger der)\n2. Stien til mappen (eksempelvis: `/home/user/Dokumenter`) Bemrk at ift. stien, s har store og sm bogstaver en betydning!\n3. Genvejsnavn: (eksempelvis: `Skannede filer` )	script_uploads/downloaded_core_scripts/os2borgerpc-core-scripts/a96d19567bf5c002c76d16cf80f6c894c2af499/scripts/desktop_shortcut_to_directory.sh	f	\N	f	2025-05-08 07:53:15.011517+00	2025-05-08 07:53:15.011528+00			\N	f	\N
5	Chrome/Chromium: Start i maksimeret, fuld skrm eller kiosk tilstand (version: 1)	## Beskrivelse\nIndstil Chrome/Chromium til at bne eller ikke at bne i maksimeret tilstand, fuld skrm eller kiosk tilstand som standard.\nDer skal logges ud eller genstartes fr det tager effekt.\n\nForudstter at "Chrome - Installer" eller "Chromium - Installer" tidligere er blevet krt.\n\n## Parametre\nScriptet tager kun t parameter. Der vlges mellem `none`, `maximized`, `fullscreen` eller `kiosk`. \n\n`none` svarer til standardindstillingen, hvor hverken maksimeret, fuld skrm eller kiosk er aktiveret.\n\nTeknisk note: Disse sttes pt. i .desktop-filerne fremfor via browser-politikker, da det desvrre ikke pt. er muligt at styre disse via sidstnvnte fra Googles side.\n\nDette script er blevet testet og virker p Ubuntu 22.04.	script_uploads/downloaded_core_scripts/os2borgerpc-core-scripts/a96d19567bf5c002c76d16cf80f6c894c2af499/scripts/chrome_chromium_start_maximized_fullscreen_kiosk.sh	f	\N	f	2025-05-08 07:53:15.018903+00	2025-05-08 07:53:15.018914+00			\N	f	\N
6	Chromium med skrmtastatur (onboard) (version: 1)	## Beskrivelse\nStter billedet op, s det er delt mellem browseren og et virtuelt tastatur.\n\nDette script forudstter at flgendes scripts allerede er krt:\n- Installer Chromium p kiosk\n- Autostart Chromium p Kiosk\n\nHvis du oplever, det ikke virker, s genkr scriptet "Autostart Chromium p Kiosk", efterfulgt af dette script.\n\nDette script tager frst effekt efter genstart.\n\nDette script er blevet testet og virker p Ubuntu 22.04.\n\n## Parametre\n1: Tilfj skrmtastatur?:\\\n   St hak: Installerer og slr skrmtastaturet til\\\n   Lad st tom: Slr skrmtastatur fra (standard)	script_uploads/downloaded_core_scripts/os2borgerpc-core-scripts/a96d19567bf5c002c76d16cf80f6c894c2af499/scripts/wm_keyboard_install.sh	f	\N	f	2025-05-08 07:53:15.024449+00	2025-05-08 07:53:15.02446+00			\N	f	\N
7	Juster adgang til kr prompt (ALT-F2) (version: 1)	## Beskrivelse\nSlr "kr"-prompten (ALT-F2) fra eller til.\n\n### Sikkerhedsmssige overvejelser\nDette script fjerner genvejen til "Kr" prompten, hvorfra man kan kre kommandoer. \n\nDet br bruges sammen med scriptet "Juster adgang til terminalen", da man fra terminalen kan gre det samme og mere.\n\nBemrk at efter det sls fra, kan man stadig godt kan g ind og forsge at stte en genvejstast til "kr kommando", \nmen selvom genvejstast-kombinationen nu vises, som om den var sat, virker den i praksis ikke.\n\nDette script er indbygget i OS2borgerPC image 5.0.0 og fremover.\n\nDette script er blevet testet og virker p Ubuntu 22.04.\n\nUdviklet og testet i samarbejde med Aarhus kommune.\n\n## Parametre\n  Sl kr prompt fra : \n  - St hak for at sl kr prompten fra\n  - Lad st tom for at sl kr prompten til	script_uploads/downloaded_core_scripts/os2borgerpc-core-scripts/a96d19567bf5c002c76d16cf80f6c894c2af499/scripts/dconf_run_prompt_toggle.sh	f	\N	f	2025-05-08 07:53:15.029938+00	2025-05-08 07:53:15.029948+00			\N	f	\N
8	Juster adgang til terminalen (version: 1)	## Beskrivelse\nScriptet kan sprre adgangen til terminalen for publikumsbrugeren, men superuser har stadig adgang.\n\nScriptet tager frst fuld effekt efter logud.\n\nBr bruges sammen med scriptet "Juster adgang til kr prompt (ALT-F2)".\n\n### Sikkerhedsmssige overvejelser\nBemrk, at brugerens adgang til terminalen ikke i sig selv er et sikkerhedshul. Brugeren kan fra terminalen gre prcis de ting, som vedkommende har tilladelse til i forvejen.\n\nHvis brugeren er i stand til at udfordre systemets sikkerhed fra terminalen, skyldes det alts de underliggende tilladelser - ikke terminaladgangen - som ikke gr en grundlggende forskel.\n\nBlokering af terminaladgangen er dermed dybest set en lappelsning, som kan vre ganske fornuftig - men de underliggende problemer burde adresseres, og hvis de bliver det, vil det ikke lngere vre ndvendigt at blokere for terminaladgangen.\n\nI nyere images er terminalen blokeret som standard af flgende rsager:\n- Det mindsker angrebsomrdet: Der er mange ting, der kan lade sig gre i terminalen, som ikke kan lade sig gre ellers. Mange programmer er terminalbaserede, og via terminalen kan man derudover kre mange programmer med srlige parametre. Hvis t af disse programmer eller n af disse indstillinger nu eller i fremtiden viser sig at have et sikkerhedshul, gr terminalen det muligt at udnytte det.\n- Borger har typisk ikke brug for terminalen.\n\nVi bestrber os dog stadig p ogs at lse de underliggende sikkerhedsproblemer s man - selv med terminal-adgang - ikke kan udnytte dem.\n\n\n--------------------\n\nDette script er blevet testet og virker p Ubuntu 22.04.\nDet er inbygget i OS2BorgerPC image v. 5.3.0\n\nUdviklet og testet i samarbejde med Aarhus kommune.	script_uploads/downloaded_core_scripts/os2borgerpc-core-scripts/a96d19567bf5c002c76d16cf80f6c894c2af499/scripts/protect_terminal.sh	f	\N	f	2025-05-08 07:53:15.036732+00	2025-05-08 07:53:15.036743+00			\N	f	\N
9	St Borger som standard ved login (version: 1)	## Beskrivelse\n\nScript der stter "Borger" som standard ved login.\n\nInputparametre:\n1: St hak for at stte Borger som standard. Lad st tom for at  den forvalgte konto altid er den, der senest aktivt har logget ind.\n\n"Aktivt" vil sige, at der er logget ind ved at klikke p brugeren, fremfor alene autologin via timeout. Dvs. hvis der senest er logget ind p superuser, vil superuser stadig vre forvalgt, selv efter autologin til Borger.\n\nDette script er blevet testet og virker p Ubuntu 22.04.\nIndbygget i OS2BorgerPC image 5.0.0 og fremover. Det er ogs krt i forbindelse med opgradering fra Ubuntu 20.04 til 22.04.\n\n## Parametre\n1. St hak for at stte Borger som standard. Lad st tom for at den forvalgte konto altid er den, der senest aktivt har logget ind	script_uploads/downloaded_core_scripts/os2borgerpc-core-scripts/a96d19567bf5c002c76d16cf80f6c894c2af499/scripts/set_user_as_default_lightdm_user.sh	f	\N	f	2025-05-08 07:53:15.042462+00	2025-05-08 07:53:15.042473+00			\N	t	\N
10	Log Borger ud efter X minutters inaktivitet (version: 1)	## Beskrivelse\nVis en advarsel efter et antal minutters inaktivitet - ved fortsat inaktivitet logges brugeren automatisk ud.\nDette script har til forml at srge for at brugeren automatisk logges ud, hvis de skulle forlade maskinen uden selv at logge ud.\n\nSIKKERHEDSMSSIGE OVERVEJELSER:\nMens en BorgerPC er logget ind kan der godt gemmes filer p den, nogle programmer vil huske besgte webadresser p den, og en Borger kunne efterlade en maskine logget ind p deres E-Boks.\nAutomatisk logud er lavet til scenarier hvor Borger ikke husker selv at lukke/slette vigtige filer, eller bare logge ud. \nS vil maskinen i s fald efter X antal tid selv srge for det.\n\nVi anbefaler at genstarte efter krsel, for at vre sikker p, det har taget effekt.\n\nDette script er blevet testet og virker p Ubuntu 22.04.\n\n## Parametre\nScriptet tager 5 inputparametre:\n1. Hvorvidt scriptet skal aktiveres. St hak i tjekboksen for at aktivere scriptet. Lad tjekboksen st tom for at deaktivere scriptet.\n2. Antal MINUTTER computeren kan vre inaktiv, fr en advarsel vises.\n3. Antal MINUTTER computeren kan vre inaktiv, fr den lukkes ned. \n    Det skal vre lngere tid end det frste inputparameter, da advarslen ellers ikke vil blive set. Vi foreslr minimum 3 minutter lngere.\n4. Teksten der vises i inaktivitetsadvarslen. Hvis feltet efterlades tomt, bruges standardteksten "Du er inaktiv og bliver logget ud om kort tid..."\n5. Teksten der vises p knappen i inaktivitetsadvarslen. Hvis feltet efterlades tomt, bruges standardteksten "OK"\n\nEksempel:\nMed inputparametrene 5 og 10 vil der vises en advarsel efter 5 minutter, og hvis inaktiviteten s fortstter 5 minutter derefter, vil brugeren blive logget af.\n\nHvis du nsker linieskift i teksten, kan det gres ved at skrive \\n sledes:\nLinie1\\nLinie2	script_uploads/downloaded_core_scripts/os2borgerpc-core-scripts/a96d19567bf5c002c76d16cf80f6c894c2af499/scripts/inactivity_logout_after_time.sh	f	\N	f	2025-05-08 07:53:15.049003+00	2025-05-08 07:53:15.049014+00			\N	f	\N
11	Juster adgang til Indstillinger (version: 1)	## Beskrivelse\nSIKKERHEDSMSSIGE OVERVEJEJELSER:\nDette script lser ned eller op for adgang til Indstillinger.\n\nHvis borgere gives adgang til indstillinger, vil ndringer de foretager dog *generelt* stadig nulstilles efter logud. Det har dog vist sig, der kan vre enkelte undtagelser: \nIndstillinger -> Privatliv -> Tjek af forbindelse\n...kan ndres permanent!\n\nStandardindstillingen er at borgere ikke har adgang til indstillinger. Vi FRARDER pga. ovenstende at Borger gives adgang til Indstillinger.\n\nDette script pvirker kun Borger-kontoen - superuser har altid adgang til Indstillinger, men superusers ndringer i Indstillinger pvirker ikke Borger - eller omvendt.\n\nDette script er blevet testet og virker p Ubuntu 22.04. \nIndbygget i OS2BorgerPC image version 3.1.0 og nyere.\n\n## Parametre\nSt hak: Borger har adgang til Indstillinger\nIntet hak: Borger har IKKE adgang til Indstillinger	script_uploads/downloaded_core_scripts/os2borgerpc-core-scripts/a96d19567bf5c002c76d16cf80f6c894c2af499/scripts/adjust_settings_access.sh	f	\N	f	2025-05-08 07:53:15.058502+00	2025-05-08 07:53:15.058513+00			\N	f	\N
12	Tilfj netvrksprinter (version: 1)	## Beskrivelse\nTilfjer en netvrksprinter.\n\nDette script er blevet testet og virker p Ubuntu 22.04.\n\n## Parametre\n1. Printernavn - ingen ,  og , ingen mellemrum og ingen apostrofer\n2. IP-adresse\n3. Beskrivelse / Placering - denne kan godt indeholde mellemrum\n4. Protokol - vi anbefaler at afprve ipp frst, medmindre du ved, at denne protokol ikke er understttet. Andre muligheder er eksempelvis "socket".\n5. St som standard? Afgrer om printeren ogs sttes som standard-printer eller ej. Det vil typisk sige, om den er forvalgt i diverse programmer, nr der printes.\n\nEFTER krsel af dette script, kan du evt. ndre indstillinger p printeren med scriptet "St printer-indstillinger".\n\nNRMERE INFO OMKRING PROTOKOLLER:\nScriptet "Vis printerliste" kan give en id om hvilke protokoller en printer understtter, men det er ikke altid, de er til at identificere. Den sikreste metode for at afgre hvilke protokoller der understttes, er derfor at kigge i printerens dokumentation.\n\nIPP:\nIPP  krer over TCP og bruger normalt port 631.\nNrmere info: https://en.wikipedia.org/wiki/Internet_Printing_Protocol\n\nSocket/Appscoket/Jetdirect\nhttp://www.cups.org/doc/network.html\nhttps://wiki.debian.org/CUPSPrintQueues#appsock	script_uploads/downloaded_core_scripts/os2borgerpc-core-scripts/a96d19567bf5c002c76d16cf80f6c894c2af499/scripts/network_printer_add_no_ppd.sh	f	\N	f	2025-05-08 07:53:15.06401+00	2025-05-08 07:53:15.064026+00			\N	f	\N
13	St NumLock-tilstand (version: 1)	## Beskrivelse\nDette script installerer numlockx og slr numlock til nr computeren nr til loginsiden.\n\nDette script er blevet testet og virker p Ubuntu 22.04.\n\n## Parametre\n1. St hak for at sl numlock til, eller lad st tomt for at fjerne denne funktion igen.	script_uploads/downloaded_core_scripts/os2borgerpc-core-scripts/a96d19567bf5c002c76d16cf80f6c894c2af499/scripts/lightdm_enable_numlock.sh	f	\N	f	2025-05-08 07:53:15.076959+00	2025-05-08 07:53:15.076977+00			\N	f	\N
14	Vis printerliste (version: 1)	## Beskrivelse\nVis liste over alle printere - bde installere og de, der identificeres p netvrket.\nBemrk at der kan vre tilflde hvor maskinen ikke identificerer og viser printeren, selvom den faktisk er tilgngelig, og kan tilfjes.\n\nFjern hakket fra "Vis forkortet oversigt" hvis du nsker mere detaljeret info om tilgngelige printere.\n\nKig i jobkrslens "log" for at se resultatet.\n\nDette script er blevet testet og virker p Ubuntu 22.04.	script_uploads/downloaded_core_scripts/os2borgerpc-core-scripts/a96d19567bf5c002c76d16cf80f6c894c2af499/scripts/printer_list.sh	f	\N	f	2025-05-08 07:53:15.085914+00	2025-05-08 07:53:15.085931+00			\N	f	\N
15	Bloker for GNOME Remote Desktop (Fjernskrivebord) (version: 1)	## Beskrivelse\nDette script blokerer for GNOME Remote Desktop.\nInden krsel af dette script, kan GNOME Remote Desktop aktiveres, hvis Indstillinger ikke er blokeret. \nIndstillinger er dog blokeret for Borger i alle OS2borgerPC images siden 3.1.0.\n\nDette script er inkluderet i image fra OS2BorgerPC v. 5.3.0.\nScriptet er ikke relevant for OS2borgerPC Kiosk.\n\n## Parametre\n1. St hak for at blokere for Remote Desktop i Gnome, fjern for at tillade.	script_uploads/downloaded_core_scripts/os2borgerpc-core-scripts/a96d19567bf5c002c76d16cf80f6c894c2af499/scripts/dconf_disable_gnome_remote_desktop.sh	f	\N	f	2025-05-08 07:53:15.092628+00	2025-05-08 07:53:15.092649+00			\N	f	\N
16	Genvej til logud fra skrivebord (version: 1)	## Beskrivelse\nTilfjer en logud-knap til skrivebordet, med valgfrit navn og ikon (uploades), og mulighed for at bestemme om der skal logges ud jeblikkeligt, eller om brugeren skal bekrfte frst.\n\nLog ud efter krsel.\n\nDette script er blevet testet og virker p Ubuntu 22.04.\n\n## Parametre\n1. Aktiver?:\n   St hak: Genvejen tilfjes\n   Lad st tom: Genvejen fjernes\n2. Genvejsnavn: Navnet du nsker, knappen skal have p skrivebordet.\n3. Bekrftelse p logud:\n  St hak: Borgeren sprges efter bekrftelse.\n  Lad st tom: Der genstartes jeblikelligt, uden at sprge om bekrftelse (der er mulighed for at fortryde).\n4. Ikon: Hvilket ikon logudknappen skal have (en kvadratisk .SVG- eller .PNG-fil). Hvis du ikke vlger t, vil et standardikon blive brugt.	script_uploads/downloaded_core_scripts/os2borgerpc-core-scripts/a96d19567bf5c002c76d16cf80f6c894c2af499/scripts/desktop_logout_button_icon.sh	f	\N	f	2025-05-08 07:53:15.101485+00	2025-05-08 07:53:15.101497+00			\N	f	\N
17	Aktiver dvale efter X minutters inaktivitet (version: 1)	## Beskrivelse\n\nVis en advarsel efter et antal minutters inaktivitet - ved fortsat inaktivitet logges brugeren automatisk ud og maskinen gr i dvale.\n\nBEMRK: USB-overvgning kan ikke vre aktiv, mens en computer er i dvale. Vi anbefaler derfor ikke at anvende scriptet p computere, der str uden opsyn, medmindre man benytter de bure, der forhindrer borgere i at tilg USB-enhederne.\n\nYDERLIGERE BEMRKNING: Computere kan ikke tjekke ind p admin-sitet eller kre scripts, mens de er i dvale, og kan derfor komme til at st som vrende offline.\n\n## Parametre\nScriptet tager 5 inputparametre:\n1. Aktiver/deaktiver scriptet. St hak i boksen for at aktivere scriptet og lad den st tom for at deaktivere det.\n2. Antal MINUTTER computeren kan vre inaktiv, fr en advarsel vises.\n3. Antal MINUTTER computeren kan vre inaktiv, fr den lukkes ned. \n    Det skal vre lngere tid end det frste inputparameter, da advarslen ellers ikke vil blive set. Vi foreslr minimum 3 minutter lngere.\n4. Teksten der vises i inaktivitetsadvarslen.\n    Hvis feltet efterlades tomt bruges standardteksten "Du er inaktiv og logges ud om kort tid.."\n5. Teksten der vises p knappen i inaktivitetsadvarslen.\n    Hvis feltet efterlades tomt bruges standardteksten "OK".\n\nEksempel:\nMed inputparametrene 5 og 10 vil der vises en advarsel efter 5 minutter, og hvis inaktiviteten s fortstter 5 minutter derefter, vil brugeren blive logget af, og maskinen vil g i dvale.\n\nHvis du nsker linieskift i teksten, kan det gres ved at skrive \\n sledes:\nLinie1\\nLinie2\n\nVi anbefaler at genstarte efter krsel, for at vre sikker p, det har taget effekt.\n\nDette script er blevet testet og virker p Ubuntu 22.04.	script_uploads/downloaded_core_scripts/os2borgerpc-core-scripts/a96d19567bf5c002c76d16cf80f6c894c2af499/scripts/inactivity_suspend_after_time.sh	f	\N	f	2025-05-08 07:53:15.110423+00	2025-05-08 07:53:15.110435+00			suspend_after_time	f	\N
18	Ryd Chromium Cache NU p Kiosk (version: 1)	## Beskrivelse\nDette script sletter Chromiums profil (inkl. cache), hvilket nulstiller gemte cookies og browserens historik.\n\nDette script er blevet testet og virker p Ubuntu 22.04.	script_uploads/downloaded_core_scripts/os2borgerpc-core-scripts/a96d19567bf5c002c76d16cf80f6c894c2af499/scripts/chromium_delete_profile.sh	f	\N	f	2025-05-08 07:53:15.120163+00	2025-05-08 07:53:15.120175+00			\N	f	\N
19	St indstillinger for printer (version: 1)	## Beskrivelse\nScript, der stter de printer-indstillinger (kaldet "Options" i Linux-printersystemet CUPS), der er forespurgt og fundet.\n\nKr scriptet "Vis printer-indstillinger" for at se, hvilke indstillingsmuligheder, den givne printer har. \n  De konkrete muligheder og de navnene for vrdierne kan nemlig variere fra printer til printer.\n- Hvis du nsker at stte indstillinger som orientering og duplex for en Princh-printer, skal dette i stedet gres via Princh's egen Princh Admin.\n- Vil kun virke, hvis der er en PPD-fil eller hvis printeren er sat op med IPP Everywhere.\n\nDette script er blevet testet og virker p Ubuntu 22.04.\n\n## Parametre\n1. Printer-navn\n2. Papirstrrelse\n3. Farve eller sort-hvid\n4. Duplex\n5. Print-orientering	script_uploads/downloaded_core_scripts/os2borgerpc-core-scripts/a96d19567bf5c002c76d16cf80f6c894c2af499/scripts/printer_options_set.sh	f	\N	f	2025-05-08 07:53:15.124576+00	2025-05-08 07:53:15.124587+00			\N	f	\N
20	Nulstil crontab ved logud (version: None)	## Beskrivelse\nDette script udvider den automatiske oprydning p OS2borgerPC til ogs at nulstile users (borgers) crontab samt eventuelle planlagte "at"-kommandoer efter hvert logud.\n\nP computere, som er installeret ud fra ldre images, vil der ogs blive tilfjet en rkke mindre udvidelser af den automatiske oprydning, som er indbygget i nyere images.\nScriptet srger sledes ogs for, at computeren har den samme automatiske oprydning, som en computer der er installeret ud fra nyeste image.\n\nScriptet tager ingen parametre.	script_uploads/downloaded_core_scripts/os2borgerpc-core-scripts/a96d19567bf5c002c76d16cf80f6c894c2af499/scripts/prevent_crontab_persistence.sh	f	\N	f	2025-05-08 07:53:15.13372+00	2025-05-08 07:53:15.133731+00			\N	f	\N
45	Vis programliste (version: 1)	## Beskrivelse\nVis en liste af programmer p maskinen der enten er p skrivebordet, i menuen eller som er tilgngelige p maskinen.\nEfterflgende vil du p joblisten kunne klikke dig ind i script-outputtet, og se programmerne listet.\n\nFormlet er at disse navne s kan bruges med "Desktop - Tilfj/fjern programgenvej i menu" eller "Desktop - Tilfj/fjern programgenvej p skrivebordet".\n\nFor nogle programmer vil navnene st to gang al "firefox_firefox" og "chromium_chromium" - disse programmer skal bare skrives en enkelt gang nr de skrives som inputparametre til de ovennvnte scripts, dvs. "firefox" og "chromium".\n\nDette script er blevet testet og virker p Ubuntu 22.04.\n\n## Parametre\n1: Hvilke programmer der skal listes:\n   skrivebord: Skriv liste af programmer p skrivebordet.\n   menu: Skriv liste af programmer i menuen.\n   mulige: Skriv liste af tilgngelige programmer, som kan tilfjes til skrivebord eller menu.	script_uploads/downloaded_core_scripts/os2borgerpc-core-scripts/a96d19567bf5c002c76d16cf80f6c894c2af499/scripts/desktop_print_program_list.sh	f	\N	f	2025-05-08 07:53:15.272402+00	2025-05-08 07:53:15.272413+00			\N	f	\N
21	Chrome/Chromium: Tilfj/Fjern Udvidelse(r) (version: 1)	## Beskrivelse\nTilfjer/fjerner en eller flere Chrome/Chromium-Udvidelser til/fra browserens ExtensionSettings policy\n\n1. Kan tilfje/fjerne en liste af Chrome/Chromium-Udvidelser til/fra browserens ExtensionSettings policy.\n2. Kan slette browserens ExtensionSettings policy.\n\n(Ls det hele inden du krer scriptet)\n\nUdviklet og testet i samarbejde med Aarhus kommune.\n\n### For installere udvidelser\n\nFor installere udvidelser skal scriptet kres med flueben i checkbox'en `Aktivr`.\n\nAlle Chrome-udvidelser har et unikt ID der fremgr i URL'en i Chrome Web Store.\n\nID'et er det du finder inden for < >-symbolerne i URL'en herunder:\n`https://chrome.google.com/webstore/detail/ublock-origin/`<ID_HER>`?hl=en`\nDvs. alt efter den sidste `/` og fr `?`-symbolet.\n\n**Eksempelvis for uBlock Origin vil URL'en se sledes ud:**\n\nhttps://chrome.google.com/webstore/detail/ublock-origin/cjpalhdlnbpafiamejdnhcphjbkeiagm?hl=en\n\nID'et for uBlock Origin, som du skal bruge ifm. krsel af scriptet, er derved:\n`cjpalhdlnbpafiamejdnhcphjbkeiagm`\n\n**Eksempel p en liste med 3 udvidelser, henholdsvis uBlock Origin, IntoWords, og AppWriter:**\n\n`cjpalhdlnbpafiamejdnhcphjbkeiagm,nopjifljihndhkfeogabcclpgpceapln,lokadhdaghfjbmailhhenifjejpokche`\n\nOvenstende er den tekststreng man angiver ved krsel i tekstparameteren "Udvidelser", hvis man vil installere de tre udvidelser.\n\nHver gang scriptet kres s overskrives den eksisterende liste med den nye liste.\n\n### For at slette udvidelser\n\nFor at slette alle udvidelser kres scriptet uden flueben i checkbox'en "Aktivr".\n\nDette script er blevet testet og virker p Ubuntu 22.04.\n\n### Mulige udvidelser\n\nNogle kommuner bruger udvidelsen "Adgang for Alle" til oplsning p dansk:\nhttps://chrome.google.com/webstore/detail/adgang-for-alle-opl%C3%A6sning/emlafdcpicmngaecnedehchapmmcjfhb?hl=da\n\nHvis man er kunde hos AppWriter eller IntoWords kan man overveje deres udvidelser for at ge tilgngeligheden i browser.\n\n## Parametre\n1. Aktivr : True/False\n2. Udvidelser : komma-separeret liste af ID'er	script_uploads/downloaded_core_scripts/os2borgerpc-core-scripts/a96d19567bf5c002c76d16cf80f6c894c2af499/scripts/chrome_chromium_add_remove_extension.sh	f	\N	f	2025-05-08 07:53:15.137946+00	2025-05-08 07:53:15.137956+00			\N	f	\N
22	St Borger som aktiv efter blokeret login (ls op) (version: 1)	## Beskrivelse\nDette script gr det muligt for Borger igen at logge ind efter blokeret login.\n\nBenyttes sammen med Scriptet "Bloker for login ved USB event".\n\nDette script er blevet testet og virker p Ubuntu 22.04.	script_uploads/downloaded_core_scripts/os2borgerpc-core-scripts/a96d19567bf5c002c76d16cf80f6c894c2af499/scripts/unexpire_user.sh	f	\N	f	2025-05-08 07:53:15.144266+00	2025-05-08 07:53:15.144276+00			\N	f	\N
23	Skift startside for Chromium p Kiosk (version: 1)	## Beskrivelse\nSkifter startside i Chromium.\n\nHvis du oplever scriptet fejle, genkr "Autostart Chromium" fr dette.\n\nDette script er blevet testet og virker p Ubuntu 22.04.\n\n## Parametre\n1: Hvilken URL der skal vre den nye startside.	script_uploads/downloaded_core_scripts/os2borgerpc-core-scripts/a96d19567bf5c002c76d16cf80f6c894c2af499/scripts/chromium_change_homepage.sh	f	\N	f	2025-05-08 07:53:15.148392+00	2025-05-08 07:53:15.148402+00			\N	f	\N
24	Fjern besked om opdatering / opgradering (version: 1)	## Beskrivelse\nDette script fjerner popup om ny LTS-version. Det er meget vigtigt, da en BorgerPC-installation bliver uopretteligt delagt, hvis en medarbejder i bedste mening logger ind som superuser og trykker opdater.\n\nDette script er blevet testet og virker p Ubuntu 22.04. \nIndbygget i OS2BorgerPC image version 5.0.0 og nyere. Det er ogs krt i forbindelse med opgradering fra Ubuntu 20.04 til 22.04.\n\n## Parametre\nIngen.	script_uploads/downloaded_core_scripts/os2borgerpc-core-scripts/a96d19567bf5c002c76d16cf80f6c894c2af499/scripts/remove_new_release_message.sh	f	\N	f	2025-05-08 07:53:15.153464+00	2025-05-08 07:53:15.153474+00			\N	t	\N
25	Genvej til hjemmeside p skrivebord (version: 1)	## Beskrivelse\nOpretter eller sletter en genvej til til en valgfri hjemmeside p skrivebordet, med det angivne navn.\nEfter krsel tager det effekt efter logud.\n\nDette script er blevet testet og virker p Ubuntu 22.04.\n\n## Parametre\n1. Aktiver?: St hak for at oprette genvejen, \n    Lad st tom for at slette den, s fremt den findes.\n2. URL til webstedet. Ingen mellemrum. Husk `https://` eller `http://` foran - det skal vre den fulde adresse (kopier den eventuelt fra adresselinien i browseren), fremfor eks. bare `eboks.dk` eller `www.eboks.dk`, som ikke vil virke.\n3. Genvejsnavn: Navnet genvejen skal have p skrivebordet.\n    Bemrk at navnet ikke m indeholde mellemrum.\n4. Ikon. Du kan selv uploade et ikon-billede, eller du kan undlade og s bruger den et standardikon. Upload en kvadratisk .SVG- eller .PNG-fil.	script_uploads/downloaded_core_scripts/os2borgerpc-core-scripts/a96d19567bf5c002c76d16cf80f6c894c2af499/scripts/desktop_url_shortcut.sh	f	\N	f	2025-05-08 07:53:15.157538+00	2025-05-08 07:53:15.157548+00			\N	f	\N
26	Skjul superuser fra loginskrm og vis eventuelt loginfelt til valgfri bruger (version: 1)	## Beskrivelse\nDette script gr det muligt at skjule superuser fra loginskrmen.\nMan kan i samme forbindelse vlge at sl det til, s man selv kan indtaste et brugernavn p loginskrmen i stedet, som s ogs kan vre superuser.\n\nDet krver genstart fr det tager effekt.\n\nDette script er blevet testet og virker p Ubuntu 22.04.\n\n## Parametre\n1. Skjul superuser-brugeren:\n   St hak for at skjule superuser-brugeren.\n   Lad st tom for igen at vise superuser-brugeren (standard)\n2. Vis loginfelt til login p valgfri bruger under "Borger":\n    St hak for at vise loginfeltet\n    Lad st tom for at skjule loginfeltet	script_uploads/downloaded_core_scripts/os2borgerpc-core-scripts/a96d19567bf5c002c76d16cf80f6c894c2af499/scripts/lightdm_hide_superuser.sh	f	\N	f	2025-05-08 07:53:15.165894+00	2025-05-08 07:53:15.165905+00			\N	f	\N
27	St standardprinter (version: 1)	## Beskrivelse\nVlg standard printer. Printer navnet kan findes ved at kre scriptet "Printer - Vis printer liste"\n\nBemrk at scriptet har problemer hvis printer navnet indeholder mellemrum. I s fald anbefales det at ndre printer navnet.\n\nDette script er blevet testet og virker p Ubuntu 22.04.	script_uploads/downloaded_core_scripts/os2borgerpc-core-scripts/a96d19567bf5c002c76d16cf80f6c894c2af499/scripts/printer_default.sh	f	\N	f	2025-05-08 07:53:15.172313+00	2025-05-08 07:53:15.172324+00			\N	f	\N
28	Installer Okular som standard PDF-program (version: None)	## Beskrivelse\nOkular kan bde bruges til at lse og redigere PDF'er.\n\nUbuntus standard PDF-lser hedder Dokumentfremviser, som ogs kaldes "Evince". \nOkular har den fordel over Evince, at den kan redigere PDF'er, hvilket vil sige den kan bruges til at udfylde formularer, der ikke har deciderede inputfelter.\nVi har selv oplevet tilflde af formular-PDF'er, at de ikke havde inputfelter, og derfor blev dette script udviklet. \nHvis I oplever PDF'er til udfyldning fra det offentlige, som ikke har inputfelter, vil vi ogs foresl at indmelde fejlen til den rette instans, s PDF'en kan rettes.\n\nHvis scriptet kres med udeladt "hak" ved parametret, skiftes der tilbage til Evince.\n\nIndbygget i OS2BorgerPC image 5.0.0 og nyere.\n\nDette script er blevet testet og virker p Ubuntu 22.04.	script_uploads/downloaded_core_scripts/os2borgerpc-core-scripts/a96d19567bf5c002c76d16cf80f6c894c2af499/scripts/install_okular_and_set_as_standard_pdf_reader.sh	f	\N	f	2025-05-08 07:53:15.177762+00	2025-05-08 07:53:15.177774+00			\N	f	\N
29	Send lbende antal login dagligt til adminsitet (version: 1)	## Beskrivelse\nDette script gr at computeren sender sit daglige antal logins til adminsitet. Dette kan give et indblik i hvor meget en given maskine anvendes.\n\nEksempel: \nScriptet kres ud p en rkke maskiner. Man kigger p dataen d. 21/10 og vil kunne se der d. 20/10 var 10 logins p PC1, 12 logins p PC2, 8 logins p PC3 etc. \nDu kan derved se, hvor mange gange der er blevet logget ind p en given maskine p en given dag.\n\nBEMRK: Denne data er ikke rigtig brugbar, fr man slr automatisk login p den givne maskine FRA, som kan gres med scriptet "Automatisk borgerlogin til/fra". Inden da tlles svel automatiske og manuelle logins med.\n\nDataen bliver sendt, s den kan ses under tabben "Konfigurationer" for en Computer, og den udstilles derfra igennem det nye API, s dataen kan importeres i programmer som Power BI, eller tilsvarende open source software.\n\nYderligere informationer:\n- Maskinen vil kun indrapportere antal logins for de dage, hvor den har vret tndt.\n- Maskinen indrapporterer frst antal logins for en given dag p den efterflgende dag.\n- Maskinen opbevarer dataen i 90 dage.\n\n## Parametre\n1. Aktiver?\nSt hak i tjekboksen for at aktivere indrapportering af daglige antal login.\nLad tjekboksen st tom for at deaktivere indrapporteringen.	script_uploads/downloaded_core_scripts/os2borgerpc-core-scripts/a96d19567bf5c002c76d16cf80f6c894c2af499/scripts/get_daily_login_count.sh	f	\N	f	2025-05-08 07:53:15.185062+00	2025-05-08 07:53:15.185074+00			\N	f	\N
30	Installr Chromium p Kiosk (version: 1)	## Beskrivelse\nInstallr Chromium og en minimal X.\n\nDette script er blevet testet og virker p Ubuntu 22.04.	script_uploads/downloaded_core_scripts/os2borgerpc-core-scripts/a96d19567bf5c002c76d16cf80f6c894c2af499/scripts/chromium_install.sh	f	\N	f	2025-05-08 07:53:15.192134+00	2025-05-08 07:53:15.192145+00			\N	f	\N
31	Chromium med skrmtastatur skjul/vis (onboard) (version: 1)	## Beskrivelse\nDette script er lavet til at muliggre at vise/skjule skrmtastaturet pba. en knap, \nder placeres nede i venstre hjrne.\n\nDette script forudstter at flgendes scripts allerede er krt:\n- Installer Chromium p kiosk\n- Autostart Chromium p Kiosk\n- Chromium med skrmtastatur (onboard)\n\nDet tager frst effekt efter genstart.\n\nDette script er blevet testet og virker p Ubuntu 22.04.\n\n## Parametre\n1. Aktiver: \\\n  St hak: Knappen til at skjule skrmtastaturet vises\\\n  Lad st tom: Knappen til at skjule skrmtastaturet fjernes (standard)\\\n2. Hvilken browser/program? - navnet p programmet der krer sidelbende med tastaturet. Eks. `chromium` eller `firefox`.\n3. Det billede/ikon der skal bruges p knappen til at vise/skjule skrmtastaturet, i PNG-format. \n4. Y-akse-justering kan bruges til at flytte knappen lngere op eller ned. Enheden er i pixels. \n0 betyder ingen justering (standard)\\\nPositive tal rykker knappen lngere ned. (dvs. tttere p kanten og potentielt ud af billedet)\\\nNegative tal rykker knappen lngere op (dvs. lngere vk fra kanten)\\	script_uploads/downloaded_core_scripts/os2borgerpc-core-scripts/a96d19567bf5c002c76d16cf80f6c894c2af499/scripts/wm_keyboard_hide_button.sh	f	\N	f	2025-05-08 07:53:15.196533+00	2025-05-08 07:53:15.196544+00			\N	f	\N
32	Fjern ls fra menuen (version: 1)	## Beskrivelse\nFjerner muligheden for at "lse" computeren fra menuen oppe til hjre, \nog den relaterede genvejstast CTRL-l fjernes ogs.\n\nDette script er blevet testet og virker p Ubuntu 22.04.\n\nDette script er indbygget i image 5.0.0 og senere. Det er ogs krt i forbindelse med opgradering fra 20.04 til 22.04.\n\n## Parametre\nIngen	script_uploads/downloaded_core_scripts/os2borgerpc-core-scripts/a96d19567bf5c002c76d16cf80f6c894c2af499/scripts/dconf_disable_lock_menu.sh	f	\N	f	2025-05-08 07:53:15.205053+00	2025-05-08 07:53:15.205064+00			\N	t	\N
33	APT: Wait 5 min for dpkg lock (version: 1)	## Beskrivelse\nIndstillingen dpkg lock timeout pvirker, hvor lnge apt-get kommandoen vil vente p, at dpkg lsen frigives, fr den giver en timeout.\n\nSom standard vil apt-get vente p ubestemt tid p dpkg lsen, hvilket kan forrsage problemer, hvis en anden proces holder lsen i en lngere periode. Ved at indstille en timeout sikrer man, at apt-get kun vil vente i en specificeret periode (i dette tilflde 300 sekunder), fr den fejler med en timeout-fejl. Dette kan hjlpe med at forhindre, at apt-get kommandoer hnger p ubestemt tid og tillader bedre hndtering af lsekonflikter.\n\nDette script benyttes af OS2BorgerPC image 5.3.0.\n\n## Parametre\n1. St hak for at aktivere.	script_uploads/downloaded_core_scripts/os2borgerpc-core-scripts/a96d19567bf5c002c76d16cf80f6c894c2af499/scripts/apt_get_config_set_dpkg_lock_timeout.sh	f	\N	f	2025-05-08 07:53:15.20934+00	2025-05-08 07:53:15.20935+00			\N	t	\N
34	Sl scriptkrsel ved login til (version: 1)	## Beskrivelse\nSlr krslen af scripts ved loginskrmen til \n\nDette script er en forudstning for at NumLock aktiveres allerede fra loginskrmen med scriptet:\nDesktop - St NumLock-tilstand\n\nOBS: Krver genstart fr de nye indstillinger trder i kraft.\n\nDette script er blevet testet og virker p Ubuntu 22.04.\nInbygget i OS2BorgerPC image version 5.0.0 og senere.\n\n## Parametre\n1. St hak for at fjerne alle tidligere gemte login scripts fra computeren, eller lad st tomt for at lade dem vre.	script_uploads/downloaded_core_scripts/os2borgerpc-core-scripts/a96d19567bf5c002c76d16cf80f6c894c2af499/scripts/lightdm_greeter_setup_scripts.sh	f	\N	f	2025-05-08 07:53:15.214526+00	2025-05-08 07:53:15.214535+00			\N	t	\N
35	Luk ned dagligt (version: 2)	## Beskrivelse\nLukker computeren ned p et bestemt tidspunkt hver dag.\nBrugeren varsles fem minutter fr nedlukningen.\n\nNB: Brugeren har ingen mulighed for at undg nedlukning.\n\nDette script er blevet testet og virker p Ubuntu 22.04.\n\n## Parametre\n1. Timer: Angiver hvilket timetal computeren lukker ned.\n2. Minutter: Angiver hvilket minuttal computeren lukker ned.\n\nScriptet kan kaldes med '--off' som 1. parameter for at fjerne en planlagt nedlukning.\n\nEksempel:\nHvis du i timer og minutter angiver henholdsvis "20" og "30", s vil maskinen dagligt lukke ned kl. 20:30.	script_uploads/downloaded_core_scripts/os2borgerpc-core-scripts/a96d19567bf5c002c76d16cf80f6c894c2af499/scripts/shutdown_at_time.sh	f	\N	f	2025-05-08 07:53:15.219968+00	2025-05-08 07:53:15.219977+00			\N	f	\N
46	Aktiver automatiske opdateringer fra Ubuntu (version: 1)	## Beskrivelse\nDette script aktiverer automatiske opdateringer fra Ubuntu.\nI nyere os2borgerpc-images er sikkerhedsopdateringer allerede slet til.\n\nDu kan vlge om du nsker:\n- sikkerhedsopdateringer + generelle opdateringer \n- kun sikkerhedsopdateringer.\n\nStandard er kun sikkerhedsopdateringer.\n\n### Info om de to opdateringsmuligheder:\n\n**Sikkerhedsopdateringer:**\nDe vigtigste opdateringer, som retter srbarheder i systemet og dets programmer.\n\n**Generelle opdateringer:**\nRetter fejl og tilfjer nogle gange ny funktionalitet i tilfjelsesprogrammerne.\n\nInfo omkring Ubuntus hndtering af automatiske opdateringer:\n- Disse opdateringer hentes og installeres usynligt i baggrunden, uanset om maskinen er i brug eller ej.\n- Maskinen vil tjekke efter opdateringer to gange dagligt, p tilfldige tidspunkter.\nHvis den missede en opdatering dagen fr, fordi den var lukket ned p et af dens planlagte opdateringstidspunkter, vil den tjekke kort efter opstart.\n\nDette script er blevet testet og virker p Ubuntu 22.04.\nDette script er inkluderet i OS2BorgerPC image fra version 5.0.0, hvor det kres med parameter "sikkerhed",\n\n## Parametre\n1. Aktiver generelle opdateringer (sikkerhed/alt/falsk)\\\nsikkerhed: Kun sikkerhedsopdateringer\\\nalt: Bde sikkerhedsopdateringer og generelle opdateringer\\\nfalsk: Ingen opdateringer (anbefales ikke)	script_uploads/downloaded_core_scripts/os2borgerpc-core-scripts/a96d19567bf5c002c76d16cf80f6c894c2af499/scripts/apt_periodic_control.sh	f	\N	f	2025-05-08 07:53:15.277562+00	2025-05-08 07:53:15.277571+00			\N	f	\N
36	Bloker for login ved USB-event (version: 1)	## Beskrivelse\nSIKKERHEDSMSSIGE OVERVEJELSER:\nDette script har primrt det forml at forhindre, at der indsttes en keylogger ml. computer og keyboard, uden at det opdages.\nDet reagerer bde p indsttelse og udtagning af USB-enheder, og det glder alle USB-enheder fremfor kun keyboards. Dette er ogs relevant, fordi nogle enheder ikke altid identificeres som keyboards, ssom hvis der er tale om nogle receivere til bde mus og tastatur.\n\nBorger-konto lses jeblikkeligt ved en hndelse, som kan vre relevant, hvis det kan tage personale noget tid at opdage sikkerhedshndelsen og f den undersgt.\n\nBESKRIVELSE:\nInstallerer en systemtjeneste, der lser maskinen, nr USB-udstyr indsttes eller fjernes. Der skrives ogs en log i /var/log/usb-events.log om de hndelser, hvor USB-udstyr blev indsat eller fjernet.\n\nNr Borger-kontoen er lst, kan man bruge scriptet "St Borger som aktiv efter blokeret login (ls op)".\n\nVIGTIG BEMRKNING: \nScriptet er kun aktivt, nr maskinen er tndt!\nAf den grund er det centralt, at besgende ikke kan tilg maskinerne mens de er slukket, uden at det opdages.\n\nDerfor anbefaler vi ogs at benytte det sammen med:\n- Blokr for login ved hrd nedlukning (Script)\n- Fjern Luk Ned, Genstart og Hviletilstand fra menuen (Script)\n\nP denne mde kan brugeren ikke lukke computeren ned fra menuen, og hiver de strmstikket vil Borger-kontoen lses efter opstart, s personalet kan undersge om der skulle vre indsat en keylogger ml. computer og keyboard.\n\nDette script er blevet testet og virker p Ubuntu 22.04.\n\n## Parametre\n1: Aktivr:\\\nSt hak: Blokering for login ved USB-event\\\nLad st tom: Fjerner blokering for login ved USB-event (standard)	script_uploads/downloaded_core_scripts/os2borgerpc-core-scripts/a96d19567bf5c002c76d16cf80f6c894c2af499/scripts/lockdown_usb.sh	f	\N	f	2025-05-08 07:53:15.226325+00	2025-05-08 07:53:15.226335+00			\N	f	\N
37	Autostart program (version: 1)	## Beskrivelse\nStarter et givent program hver gang en borger logger p. \nFor at f en liste over mulige programmer p en maskine kan man kre scriptet "Vis programliste" med parametren sat til "mulige"\n\nDette script er blevet testet og virker p Ubuntu 22.04.\n\n## Parametre\n1. Navnet p det program der skal starte. Navnet ser forskel p store og sm bogstaver (da nogle programmer har store bogstaver i deres navn). Kan udfyldes med eller uden filforlngelsen, f. eks. `firefox` eller `firefox.desktop`. For at autostarte Chrome skrives `google-chrome`.\n\n2. Et afkrydsningsfelt der, hvis der er sat hak i det, tilfjer et program til autostart. Hvis afkrydsningsfeltet er tomt, slettes programmet fra autostart igen.	script_uploads/downloaded_core_scripts/os2borgerpc-core-scripts/a96d19567bf5c002c76d16cf80f6c894c2af499/scripts/autostart_program.sh	f	\N	f	2025-05-08 07:53:15.231742+00	2025-05-08 07:53:15.231752+00			\N	f	\N
38	Skift kodeord for superuser (version: 1)	## Beskrivelse\nSkift til det angivne superuser-kodeord.\n\nDet er MEGET VIGTIGT at skifte fra standard-kodeordet til et andet, s snart en OS2borgerPC-maskine er frdiginstalleret.\n\nInputparametre:\n- Det nye kodeord\n- Gentag det nye kodeord\n\nRegler for kodeordet:\n- Skal indeholde mindst 8 tegn\n- Kan ikke indeholde navnet p brugeren\n- Kan ikke vre et enkelt ord fra ordbogen som fx. "bibliotek"\n\nDette script er blevet testet og virker p Ubuntu 22.04.	script_uploads/downloaded_core_scripts/os2borgerpc-core-scripts/a96d19567bf5c002c76d16cf80f6c894c2af499/scripts/change_superuser_password.sh	f	\N	f	2025-05-08 07:53:15.238307+00	2025-05-08 07:53:15.238317+00			\N	f	\N
39	Genstart computeren NU (version: 1)	## Beskrivelse\nGenstarter computeren med det samme.\n\nDette script er blevet testet og virker p Ubuntu 22.04.	script_uploads/downloaded_core_scripts/os2borgerpc-core-scripts/a96d19567bf5c002c76d16cf80f6c894c2af499/scripts/reboot_now.sh	f	\N	f	2025-05-08 07:53:15.244763+00	2025-05-08 07:53:15.244773+00			\N	f	\N
40	Tnd/Sluk tidsplaner - Fjern tidsplan (version: 1)	## Beskrivelse\n\nFjern tnd sluk tidsplan	script_uploads/downloaded_core_scripts/os2borgerpc-core-scripts/a96d19567bf5c002c76d16cf80f6c894c2af499/scripts/on_off_schedule_remove.sh	f	\N	f	2025-05-08 07:53:15.249503+00	2025-05-08 07:53:15.249513+00			wake_plan_remove	t	\N
41	Fix Light Display Manager Opstarts-fejl (version: 1)	## Beskrivelse\nScriptet fikser en opstartsfejl i OS2borgerPC, relateret til Light Display Manager (LightDM).\nFejlen opleves ved, at maskinen ikke kan boote, og ender i terminalen, typisk kort efter installationen.\n\nTypisk ses en eller flere af disse fejlbeskeder i terminalen:\n\n"Failed to start Detect the available GPUs and deal with any system changes"\n"Failed to start Light Display Manager"\n"Bluetooth: hci0: Malformed MSFT vendor event: 0x02" \n\nIndbygget i OS2BorgerPC image version 5.2.0 og senere.\n\n## Parametre\n1. St hak for at aktivere fikset. Udelad hak for at deaktivere fikset.	script_uploads/downloaded_core_scripts/os2borgerpc-core-scripts/a96d19567bf5c002c76d16cf80f6c894c2af499/scripts/lightdm_fix_boot_error.sh	f	\N	f	2025-05-08 07:53:15.253579+00	2025-05-08 07:53:15.253589+00			\N	t	\N
42	Detekter lst Borgerkonto (version: 1)	## Beskrivelse\nDette Sikkerhedsscript giver en Sikkerhedshndelse hvis Borger bliver lst ude/sat til udlbet.\n\nDette script virker kun p OS2borgerPC, ikke OS2borgerPC Kiosk.\n\nBruges sammen med en eller begge af flgende: \n- "Bloker for login ved USB-event" + "St bruger aktiv efter blokeret login"\n- "OS2borgerPC - Bloker for login ved hrd nedlukning" + "St bruger aktiv efter blokeret login"\n\n## Parametre\nIngen	script_uploads/downloaded_core_scripts/os2borgerpc-core-scripts/a96d19567bf5c002c76d16cf80f6c894c2af499/scripts/detect_user_expired_event.py	t	\N	f	2025-05-08 07:53:15.258764+00	2025-05-08 07:53:15.258773+00			\N	f	\N
43	Fjern brugerskifte fra menuen (version: 1)	## Beskrivelse\nFjerner muligheden for at skifte bruger fra menuen oppe til hjre.\nBrugerskifte kan derved kun ske ved logud.\n\nDette script er blevet testet og virker p Ubuntu 22.04.\nDette script er indbygget i image 5.0.0 og senere. Det er ogs krt i forbindelse med opgradering fra 20.04 til 22.04.\n\n## Parametre\nIngen	script_uploads/downloaded_core_scripts/os2borgerpc-core-scripts/a96d19567bf5c002c76d16cf80f6c894c2af499/scripts/dconf_disable_user_switching.sh	f	\N	f	2025-05-08 07:53:15.262843+00	2025-05-08 07:53:15.26286+00			\N	t	\N
44	Sl skriverettigheder for skrivebord fra/til (version: 1)	## Beskrivelse\nSlr skriverettigheder for skrivebordet til og fra for Borger-brugeren.\n\nSIKKERHEDSMSSIGE OVERVEJELSER:\nDette script er designet til at beskytte mod phishing - dvs. nrmere specifikt at en person modificerer en genvej p skrivebordet til at pege over p eks. en Mit ID-lignende side, som i stedet opsnapper loginoplysninger og sender dem til en tredjepart. I OS2borgerPC 4.0.0 er dette muligt. Som skrevet lngere oppe, s bliver disse ndringer dog uanset nulstillet efter logud, s det er primrt et problem, hvis man ikke har automatisk logud ved inaktivitet, eller hvis angriberen skulle finde en mde at holde gang i aktiviteten p maskinen p afstand, s den ikke logger ud.\n\nVi anbefaler pba. ovenstende ikke at sl dem til.\n\nBESKRIVELSE:\nI OS2borgerPC 5.0.0 og fremefter er det indbygget, at skriverettighederne til skrivebordet er fjernet.\n\nDette script er blevet testet og virker p Ubuntu 22.04.\n\nUdviklet og testet i samarbejde med Aarhus kommune.\n\n## Parametre\n  1. Aktivr?: \n     St hak: brugeren har IKKE rettighed til at lgge filer p skrivebordet (standard)\n     Lad st tom: brugeren har rettighed til at lgge filer p skrivebordet	script_uploads/downloaded_core_scripts/os2borgerpc-core-scripts/a96d19567bf5c002c76d16cf80f6c894c2af499/scripts/desktop_toggle_writable.sh	f	\N	f	2025-05-08 07:53:15.26687+00	2025-05-08 07:53:15.266879+00			\N	f	\N
47	ndr login-timeout (version: 1)	## Beskrivelse\nScriptet ndrer logintimeout til et valgfrit antal sekunder, givet som frste parameter.\nStandardindstillingen er pt. 10 sekunder.\n\nHvis du nsker nrmest jeblikkelig login, kan den sttes til 2 sekunder. Tests har vist at den ikke kan n at indlse loginsiden hvis den sttes til 0, som kan betyde, at den slet ikke fr logget ind, og forbliver p loginskrmen.\n\nScriptet tager oftest frst effekt efter genstart.\n\nDette script antager, at automatisk login er slet til. Det er det som standard, men hvis det inden er blevet slet fra via scriptet "Automatisk borgerlogin til/fra", vil dette script ikke have nogen effekt.\n\nHvis du nsker at deaktivere automatisk login helt, kan det i stedet gres med frnvnte script.\n\nDette script er blevet testet og virker p Ubuntu 22.04.\n\n## Parametre\n1: Antallet af sekunder der gr, fr der automatisk logges ind.	script_uploads/downloaded_core_scripts/os2borgerpc-core-scripts/a96d19567bf5c002c76d16cf80f6c894c2af499/scripts/change_login_timeout.sh	f	\N	f	2025-05-08 07:53:15.282777+00	2025-05-08 07:53:15.282786+00			\N	f	\N
48	Aktiver genveje p Desktop (version: 1)	## Beskrivelse\n"Aktiverer" genveje p skrivebordet.\n\nInden dette script kres kan man godt tilfje en genvej, men det rette ikon vil ikke dukke op, og programmet vil i stedet blive bnet i et tekstredigeringsprogram.\n\nDer skal logges ud og ind igen - eller alternativt genstartes - fr det tager effekt.\nScriptet skal kun kres n gang - s virker genveje der er tilfjet til skrivebordet bde fr og efter.\n\nDette script er blevet testet og virker p Ubuntu 22.04.\n\nIndbygget i OS2BorgerPC image 5.0.0 og senere.	script_uploads/downloaded_core_scripts/os2borgerpc-core-scripts/a96d19567bf5c002c76d16cf80f6c894c2af499/scripts/desktop_activate_shortcuts.sh	f	\N	f	2025-05-08 07:53:15.287897+00	2025-05-08 07:53:15.287906+00			\N	t	\N
49	Tilfj netvrksprinter (PPD-fil skal angives) (version: 1)	## Beskrivelse\nTilfj ny netvrksprinter.\n\nDette script er blevet testet og virker p Ubuntu 22.04.\n\nBEMRK: Medmindre du har srlige grunde, der krver en PPD, anbefaler vi i stedet at tilfje printere med scriptet "Tilfj netvrksprinter", som ikke krver en PPD.\n\n## Parametre\n1. Printernavn - ingen ,  og  og ingen mellemrum\n2. IP-adresse\n3. Beskrivelse / placering  - denne kan godt indeholde mellemrum\n4. Printer-driver (PPD-fil)\n5. Protokol - protokollen "socket", ogs kaldet "appsocket" og "jetdirect" er forvalgt, da det er den protokol dette script historisk har brugt. \n  Hvis scriptet "Tilfj netvrksprinter", som har IPP-protokollen forvalgt, ikke virker for den pgldende printer, anbefaler vi at afprve at kre dette script med "socket".\n6. St som standard? Afgrer om printeren ogs sttes som standard-printer eller ej. Det vil typisk sige, om den er forvalgt i diverse programmer, nr der printes.\n\nEFTER krsel af dette script, kan du evt. ndre indstillinger p printeren med scriptet "St printer-indstillinger".\n\nNRMERE INFO OMKRING PROTOKOLLER:\nScriptet "Vis printer-liste" kan give en id om hvilke protokoller en printer understtter, men det er ikke altid, de er til at identificere. Den sikreste metode for at afgre hvilke protokoller der understttes, er derfor at kigge i printerens dokumentation.\n\nIPP:\nIPP  krer over TCP og bruger normalt port 631.\nNrmere info: https://en.wikipedia.org/wiki/Internet_Printing_Protocol\n\nSocket/Appscoket/Jetdirect\nhttp://www.cups.org/doc/network.html\nhttps://wiki.debian.org/CUPSPrintQueues#appsock	script_uploads/downloaded_core_scripts/os2borgerpc-core-scripts/a96d19567bf5c002c76d16cf80f6c894c2af499/scripts/network_printer_add_ppd.sh	f	\N	f	2025-05-08 07:53:15.292092+00	2025-05-08 07:53:15.292101+00			\N	f	\N
50	Tnd/Sluk tidsplaner - Opret tidsplan (version: 1)	## Beskrivelse\n\nOpret tnd sluk tidsplan	script_uploads/downloaded_core_scripts/os2borgerpc-core-scripts/a96d19567bf5c002c76d16cf80f6c894c2af499/scripts/on_off_schedule_set.sh	f	\N	f	2025-05-08 07:53:15.303022+00	2025-05-08 07:53:15.303031+00			wake_plan_set	t	\N
51	Detekter sudo-krsel (version: 1)	## Beskrivelse\nDette Sikkerhedsscript giver en sikkerhedshndelse ved sudo-krsel.\n\nDette script virker bde p OS2borgerPC og OS2borgerPC Kiosk.\n\nDer gives bde en advarsel hvis sudo kres med succes, hvis det fejler pga. det kres fra Borger fremfor superuser, eller den indtastede kode er forkert.\nNrmere specifikt: \nsudo-kommandoen giver n tre forsg p at indtaste koden - taster man forkert tre gange vil det give en advarsel. Taster man korrekt vil det ligeledes give en advarsel.\n\nDerfor: Hvis du har tilfjet en regel for en maskine, og du selv er inde p den fra superuser, vil der ogs komme en advarsel, hvis du krer sudo.\n\nNr du modtager en advarsel vil der ofte st USER=root i beskeden. Dette betyder ikke, at brugeren allerede har root-adgang (dvs. administrator-adgang), men alene at brugeren, personen forsger at kre kommandoer som, er administrator-kontoen.\n\n## Parametre\nIngen	script_uploads/downloaded_core_scripts/os2borgerpc-core-scripts/a96d19567bf5c002c76d16cf80f6c894c2af499/scripts/detect_sudo_event.py	t	\N	f	2025-05-08 07:53:15.323583+00	2025-05-08 07:53:15.323594+00			\N	f	\N
52	Genvej til program fra skrivebordet (version: 1)	## Beskrivelse\nTilfj/fjern en genvej til/fra et program p skrivebordet.\n\nLog ud efter krsel.\n\nDette script er blevet testet og virker p Ubuntu 22.04.\n\n## Parametre\n1: Tilfj programmet:\n  St hak: Programmet tilfjes til Skrivebordet\n  Fjern hak: Programmet fjernes fra Skrivebordet (hvis det ligger der)\n2: Programnavn: Det program du nsker at tilfje eller slette fra skrivebordet. Programnavnet skal matche navnet p en genvej til et installeret program.\n    Navnet er nsten altid med sm bogstaver, og mellemrum erstattet af bindestreg.\n    Eksempler: firefox, google-chrome, simple-scan, yelp, libreoffice-impress, libreoffice-writer, libreoffice-calc\n\nHvis du ikke kender program-navnet prcist, kan du bruge scriptet "Desktop - Vis programliste".	script_uploads/downloaded_core_scripts/os2borgerpc-core-scripts/a96d19567bf5c002c76d16cf80f6c894c2af499/scripts/desktop_program_shortcut.sh	f	\N	f	2025-05-08 07:53:15.327743+00	2025-05-08 07:53:15.327753+00			\N	f	\N
53	Installer SSH og VNC p Kiosk (version: 1)	## Beskrivelse\nInstaller SSH og VNC for fjernadgang. \n\nDu kan lave SSH-forbindelse med det almindelige Unix-password.\n\nGiv VNC-kodeordet med som parameter.\n\nProgrammer der understtter VNC:\n- Multi platform: TigerVNC (Open source, https://tigervnc.org)\n- Linux: Remmina (Open source, https://remmina.org)\n- Windows: RealVNC Connect (ikke open source, https://www.realvnc.com/en/connect/)\n\nDette script er blevet testet og virker p Ubuntu 22.04.	script_uploads/downloaded_core_scripts/os2borgerpc-core-scripts/a96d19567bf5c002c76d16cf80f6c894c2af499/scripts/vnc_and_ssh_install.sh	f	\N	f	2025-05-08 07:53:15.334019+00	2025-05-08 07:53:15.334029+00			\N	f	\N
54	Opdater alle installererede programmer nu (version: 1)	## Beskrivelse\nDettte script opdaterer alle pakker p systemet "her og nu". \n\nS det anbefales at kre dette script hvis en opdatering ude p maskinen er get galt, eller hvis man kun har sat automatiske sikkerhedsopdateringer til.\n\nDa scriptet involverer overfrsel af meget data kan det i nogle situationer godt fejle, hvis der i opdateringsperioden opstr netvrksproblemer lokalt eller hos de servere, der opdateres fra. \nOplever du fejl, kan det derfor godt anbefales at prve at kre scriptet n gang til. \n\nDette script er blevet testet og virker p Ubuntu 22.04.	script_uploads/downloaded_core_scripts/os2borgerpc-core-scripts/a96d19567bf5c002c76d16cf80f6c894c2af499/scripts/update_all.sh	f	\N	f	2025-05-08 07:53:15.340119+00	2025-05-08 07:53:15.34013+00			\N	f	\N
55	Ls menu (version: 1)	## Beskrivelse\nLser venstremenuen s Borger ikke kan redigere i den.\n\nDen nulstilles uanset efter login, s det er nrmere hvis man ogs vil forhindre ndring af menuen i lbet af en login-session.\n\nSIKKERHEDSMSSIGE OVERVEJELSER:\nDette script er designet til at beskytte mod phishing - dvs. nrmere specifikt at en person modificerer en genvej i menuen til at pege over p eks. en Mit ID-lignende side,\nsom i stedet opsnapper loginoplysninger og sender dem til en tredjepart. I OS2borgerPC 4.0.0 er dette muligt. Som skrevet lngere oppe, s bliver disse ndringer dog uanset nulstillet efter logud, s det er primrt et problem, hvis man ikke har automatisk logud ved inaktivitet, eller hvis angriberen skulle finde en mde at holde gang i aktiviteten p maskinen p afstand, s den ikke logger ud.\n\nBESKRIVELSE:\nDette script er indbygget i OS2borgerPC 5.0.0 og fremefter.\n\n---------------\n\nDette script er blevet testet og virker p Ubuntu 22.04.	script_uploads/downloaded_core_scripts/os2borgerpc-core-scripts/a96d19567bf5c002c76d16cf80f6c894c2af499/scripts/dconf_gnome_lock_menu_editing.sh	f	\N	f	2025-05-08 07:53:15.345103+00	2025-05-08 07:53:15.345113+00			\N	f	\N
56	Vis indstillinger for printer (version: 1)	## Beskrivelse\nVis de forskellige indstillinger for den nskede printer i Job-loggen.\n\nDette script er blevet testet og virker p Ubuntu 22.04.\n\n## Parametre\n1: Navnet p printeren (kr evt. "Vis printer-liste" for at finde det)	script_uploads/downloaded_core_scripts/os2borgerpc-core-scripts/a96d19567bf5c002c76d16cf80f6c894c2af499/scripts/printer_options_get.sh	f	\N	f	2025-05-08 07:53:15.350983+00	2025-05-08 07:53:15.350993+00			\N	f	\N
57	Vis tilgngelighedsfunktioner (version: 1)	## Beskrivelse\nViser en menu for at styre systemets tilgngelighedsfunktioner verst p skrmen.\n\nDette script er indbygget i image 5.0.0 og fremover.\n\nDette script er blevet testet og virker p Ubuntu 22.04.	script_uploads/downloaded_core_scripts/os2borgerpc-core-scripts/a96d19567bf5c002c76d16cf80f6c894c2af499/scripts/dconf_a11y.sh	f	\N	f	2025-05-08 07:53:15.356091+00	2025-05-08 07:53:15.356101+00			\N	f	\N
58	Tilfj Princh Cloud Printer (version: 2)	## Beskrivelse\nForudstninger:\nDette script kres efter scriptet "Printer - Installer Princh Cloud Printer".\n\nHar i endnu ikke en Princh-aftale, men nsker at teste oplevelsen med det, stiller Princh dette test printer-ID til rdighed, som du kan indtaste som inputparameter til dette script:\n990000\n\nVi tager udgangspunkt i Princh's egen installationsguide - hvis man vil kigge nrmere p den, kan den findes her:\nhttps://2803061.fs1.hubspotusercontent-na1.net/hubfs/2803061/Setup%20and%20installation%20guides,%20tech%20reqs/Princh%20for%20Linux%20Installation%20Guide.pdf\n\nDette script er blevet testet og virker p Ubuntu 22.04.\n\n## Parametre\n1. Navn: Det navn printeren fr i print-dialogen p BorgerPCen. Navnet mi ikke indeholde , , , mellemrum, skrstreg eller apostroffer.\n\n2. ID: Dette ID identificerer printeren fra Princhs side, og det skulle de kunne oplyse til dig. Det er et 6-cifret tal.\n\n3. Beskrivelse / Placering: Beskrivelsen printeren fr i print-dialogen p BorgerPCen. Den m ikke indeholder   . Indeholder den mellemrum skal den skrives med citationstegn omkring. F. eks. `"Printer ved info-skranken"`\n\n4. St som standardprinter: St hak hvis den skal vre standardprinteren.	script_uploads/downloaded_core_scripts/os2borgerpc-core-scripts/a96d19567bf5c002c76d16cf80f6c894c2af499/scripts/printer_princh_add.sh	f	\N	f	2025-05-08 07:53:15.361138+00	2025-05-08 07:53:15.361148+00			\N	f	\N
59	Skift baggrundsbillede p skrivebordet (version: 1)	## Beskrivelse\nDette script skifter baggrundsbillede p skrivebordet for Borger p en OS2borgerPC.\nBorger behver ikke at logge ud fr baggrundsbillede skifter.\nEfterflgende vil det ikke vre tilladt for Borger at skifte baggrundsbilledet, men det kan stadig ndres fra adminsitet.\n\nDette script er blevet testet og virker p Ubuntu 22.04.\n\n## Parametre\n  \n  1. Baggrundsbillede:\n      Her vlger du det billede, der skal anvendes som baggrundsbillede.\n      Undg at bruge  i filnavnet, da det kan forrsage problemer.\n  2. Billedeindstillinger\n      De indstillinger der skal vre for billedet. Mulighederne er:\n      - zoom (standardindstillingen): Baggrunden zoomes ind eller ud for at passe til skrmens strrelse. Der zoomes indtil billedet fylder hele skrmen, som potentielt kan betyde at kanterne af billedet ikke ses.\n      - stretched: Baggrunden strkkes for at dkke hele skrmen uden hensyntagen til proportioner.\n      - centered: Baggrunden placeres centralt p skrmen uden nogen form for tilpasning.\n      - scaled: Baggrunden tilpasses skrmens strrelse, bevarende dens proportioner. Der skaleres indtil billedet nr ud til den ene kant, s der kan potentielt vre en sort bjlke hvis billedets proportioner ikke passer til skrmen.\n      - wallpaper: Baggrunden anvendes som tapet, gentagende eller fyldende hele skrmen.\n      - none: Der er ingen baggrund, skrmen viser en ensfarvet baggrund eller transparent baggrund.	script_uploads/downloaded_core_scripts/os2borgerpc-core-scripts/a96d19567bf5c002c76d16cf80f6c894c2af499/scripts/dconf_desktop_background.sh	f	\N	f	2025-05-08 07:53:15.369433+00	2025-05-08 07:53:15.369443+00			\N	f	\N
60	Genvej til program fra menu (version: 1)	## Beskrivelse\nTilfj/fjern en genvej i menuen til venstre, ved siden af skrivebordet.\nDette script er blevet testet og virker p Ubuntu 22.04.\n\n## Parametre\n1: Aktiver: \n  St hak: Programmet tilfjes til menuen.\n  Fjern hak: Programmet fjernes fra menuen (hvis det findes)\n2: Programnavn: Hvilket program du nsker at tilfje eller slette.\n    Eksempler: firefox, google-chrome, simple-scan, yelp, libreoffice-impress, libreoffice-writer, libreoffice-calc, org.gnome.Nautilus\n\nHvis du ikke kender program-navnet prcist, kan du bruge scriptet "Desktop - Vis programliste".	script_uploads/downloaded_core_scripts/os2borgerpc-core-scripts/a96d19567bf5c002c76d16cf80f6c894c2af499/scripts/desktop_launcher_program_shortcut.sh	f	\N	f	2025-05-08 07:53:15.375479+00	2025-05-08 07:53:15.375489+00			\N	f	\N
68	Tillad superuser at redigere CUPS-indstillinger (version: 1)	## Beskrivelse\nDette script er indbygget i image 5.2.0 og fremover.\n\nSpecifikt giver krsel af dette script superuser tilladelse til at kunne redigere diverse printerindstillinger, \nssom at tilfje printere, eksempelvis fra en browser via CUPS' webinterface, der er tilgngelig p flgende adresse fra selve maskinen:\nhttp://localhost:631\n\n\n## Parametre\nIngen	script_uploads/downloaded_core_scripts/os2borgerpc-core-scripts/a96d19567bf5c002c76d16cf80f6c894c2af499/scripts/allow_superuser_to_manage_cups.sh	f	\N	f	2025-05-08 07:53:15.421917+00	2025-05-08 07:53:15.421926+00			\N	f	\N
61	Totrinsbekrftelse for superuser (version: 1)	## Beskrivelse\n\nSlr tidsbaseret totrinsbekrftelse til for superuser, ved login p en OS2borgerPC eller en OS2borgerPC Kiosk-maskine.\n\nSIKKERHEDSMSSIGE OVERVEJELSER:\nHvis der skulle vre indsat en keylogger p maskinen, eller en angriber kigger over skulderen nr der logges ind p superuser vil det forhindre angreb hvis totrinsbekrftelse for superuser er slet til, da kodeord til superuser i sig selv ikke er nok til at logge ind som superuser p maskinen.\n\nBESKRIVELSE:\nG frst ind p siden "2FA p computere" i menuen til venstre her p adminsitet, for at se processen for at sl totrinsbekrftelse til.\n\nS snart du har genereret en sikkerhedsngle p ovenstende side, skal dette script kres med sikkerhedsngle som det andet parameter.\n\nFra nste login, vil der nu for superuser vre et ekstra skridt i loginprocessen efter koden, hvor der skal indtastes totrins-koden.\n\nTager det ikke effekt jeblikkeligt efter logud, foresls en genstart af maskinen.\n\n## Parametre\n1. Aktivr?: \n      St kryds for at sl totrinsbekrftelse til\n      Lad st tom for at sl totrinsbekrftelse fra.\n2: Sikkerhedsngle: Sikkerhedsnglen totrinsbekrftelse-systemet internt har brug for. \nAt bruge samme sikkerhedsngle for flere computere betyder, at du kan logge ind p flere computere med samme totrins-koder, fremfor hver computer skal tilfjes individuelt til din totrinsbekrftelse-app.\n\nDet kan ogs vre relevant at kre scriptet "Login - ndr login-timeout", da det kan vre svrt at n at indtaste kode og totrinsbekrftelse p de 10 sekunder der normalt gr, fr der logges automatisk ind p Borger-kontoen.\n\n---------------\n\nDette script er blevet testet og virker p Ubuntu 22.04.	script_uploads/downloaded_core_scripts/os2borgerpc-core-scripts/a96d19567bf5c002c76d16cf80f6c894c2af499/scripts/setup_two_factor_superuser.sh	f	\N	f	2025-05-08 07:53:15.382308+00	2025-05-08 07:53:15.382318+00			two_factor	f	\N
62	Chrome: Fjern sprgsml om sgemaskine (version: None)	## Beskrivelse\nNyere udgaver af Chrome vil sprge om valg af sgemaskine, hver gang de startes af Borger.\n\nDette script fjerner dette sprgsml ved at stte standard-sgemaskinen for Chrome til Google (den tidligere standardopfrsel for Chrome), hvis Chrome er installeret.\n\nDen ndring, som dette script foretager, er ogs indbygget i "Chrome: Installer", s dette er udelukkende et midlertidigt script, som anvendes til at tilfje ndringen til eksisterende computere.\n\nHvis scriptet kres p en OS2borgerPC Kiosk eller en OS2borgerPC, hvor Chrome ikke er installeret, vil scriptet ikke have nogen effekt.	script_uploads/downloaded_core_scripts/os2borgerpc-core-scripts/a96d19567bf5c002c76d16cf80f6c894c2af499/scripts/chrome_search_provider_fix.sh	f	\N	f	2025-05-08 07:53:15.388348+00	2025-05-08 07:53:15.388358+00			\N	f	\N
63	Udskift browser-genvejen i venstremenuen med en valgfri browser (version: 1)	## Beskrivelse\nUdskifter browser-knappen i venstremenuen (der som standard er Firefox) med en valgfri browser.\n\nValgmulighederne er:\n- firefox\n- google-chrome\n\nDette script er blevet testet og virker p Ubuntu 22.04.	script_uploads/downloaded_core_scripts/os2borgerpc-core-scripts/a96d19567bf5c002c76d16cf80f6c894c2af499/scripts/browser_update_launcher.sh	f	\N	f	2025-05-08 07:53:15.392571+00	2025-05-08 07:53:15.39258+00			\N	f	\N
64	Chrome/Chromium: St startside(r) (version: 1)	## Beskrivelse\nScriptet skifter startside(r) for Google Chrome og Chromium for brugeren Borger.\nScriptet forventer en hjemmeside-URL som frste input parameter.\n\nDerudover kan man ogs tilfje en liste yderligere ekstra faner man kunne tnke sig. Ls mere forneden.\nDette script er blevet testet og virker p Ubuntu 22.04.\n\n## Parametre\n\n1. Startside-URL : tekststreng\n2. Ekstra faneblade : tekststreng\n\n### Eksempel med startside plus 1 ekstra fane\n\nStartside-URL: `https://borger.dk` \\\nEkstra faneblade: `https://info.jobnet.dk/`\n\n### Eksempel med startside plus 3 ekstra faner\n\nURL'erne separes med `|` som vist herunder.\n\nStartside-URL: `https://borger.dk` \\\nEkstra faneblade: `https://info.jobnet.dk/|https://skat.dk|https://www.sundhed.dk/`	script_uploads/downloaded_core_scripts/os2borgerpc-core-scripts/a96d19567bf5c002c76d16cf80f6c894c2af499/scripts/chrome_chromium_policy_homepage.sh	f	\N	f	2025-05-08 07:53:15.397755+00	2025-05-08 07:53:15.397765+00			\N	f	\N
65	LibreOffice - St indstillinger (version: 1)	## Beskrivelse\nScript der overskriver LibreOffices config med vores egen. \n\nKrver at brugeren logger ud og ind igen fr indstillingerne trder i kraft.\n\nDette script er blevet testet og virker p Ubuntu 22.04.\nIndbygget i OS2BorgerPC image fra version 5.0.0, men er gradvist forbedret.\n\n\n## Parametre\n1. St kryds for at sl "Tip of the Day" og frigivelsesnoter fra. Lad st tom for at sl dem til.\n2. St kryds for at bruge Microsofts filformater (.docx, .xlsx, .pptx) frem for LibreOffices standard ODF formater. Lad st tom for at bruge standard-formaterne.	script_uploads/downloaded_core_scripts/os2borgerpc-core-scripts/a96d19567bf5c002c76d16cf80f6c894c2af499/scripts/overwrite_libreoffice_config.sh	f	\N	f	2025-05-08 07:53:15.40396+00	2025-05-08 07:53:15.40397+00			\N	f	\N
66	Automatisk borgerlogin til/fra (version: 1)	## Beskrivelse\nSkift mellem automatisk login for publikum (Borger) eller ej.\n\nAutomatisk login er som standard slet TIL p publikums-PC'er.  \n\nHvis man slr det FRA, og vlger at Borger skal indtaste kodeord ved login, skal man bruge scriptet "Skift kodeord for Borger" til at stte et kendt kodeord for publikumsbrugeren.\n\nScriptet tager oftest frst effekt efter genstart.\n\nDette script er blevet testet og virker p Ubuntu 22.04.\n\n## Parametre\n1. Aktiver automatisk borgerlogin:\\\nSt hak: Slr automatisk borgerlogin til\\\nLad st tom: Slr automatisk borgerlogin fra\n\n2. Borger skal indtaste kodeord:\\\n(Denne parameter har kun effekt, hvis hak er udeladt i frste parameter)\\\nSt hak: Borger skal indtaste kodeord for at logge ind\\\nLad st tom: Borger logger ind ved at trykke p login-knappen, uden kodeord	script_uploads/downloaded_core_scripts/os2borgerpc-core-scripts/a96d19567bf5c002c76d16cf80f6c894c2af499/scripts/user_automatic_login.sh	f	\N	f	2025-05-08 07:53:15.410397+00	2025-05-08 07:53:15.410407+00			\N	f	\N
67	Installer Chrome (version: 1)	## Beskrivelse\nUdviklet og testet i samarbejde med Aarhus kommune.\n\nInstallerer Google Chrome - kan ogs bruges til at opdatere Google Chrome.\n\nSiden sidste udgave er der nu tilfjet nedenstende til OS2borgerpcs default Chrome policy, som gr at borger **ikke** kan:\n\n- Logge p(BrowserSync) Chrome med en Google-konto\n- Installere udvidelser. (Administrator kan styre dette centralt vha. scriptet "Chrome: Tilfj/fjern Udvidelser")\n- Tilg Chrome' Udviklervrktjer\n- Gemme sine logins\n- ndre/tilfje startside(r)\n- Bruge Chromecast\n- Web data som cookies og web databaser preserveres ikke efter nedlukning af browser.\n- Tilg udvalgte chrome-settings URL'er. \n\nChrome-policies der fremgr i scriptet kan man lse mere om ved at sge p en given policy(fx ForceEphemeralProfiles) her: https://chromeenterprise.google/policies/ \n\nDette script er blevet testet og virker p Ubuntu 22.04.	script_uploads/downloaded_core_scripts/os2borgerpc-core-scripts/a96d19567bf5c002c76d16cf80f6c894c2af499/scripts/chrome_install.sh	f	\N	f	2025-05-08 07:53:15.416749+00	2025-05-08 07:53:15.416759+00			\N	f	\N
69	Opret delt Samba-mappe til skan (version: 1)	## Beskrivelse\nDette script installerer Samba, og opretter flgende:\n- En Samba share ved navn "scan".\n  Denne "share" peger p en mappe p Borgers skrivebord, med et valgfrit navn, som man vlger via andet parameter til dette script\n Brugernavnet og gruppen denne "share" deles som, hedder "samba". \n Gsteadgang er slet fra. Muligheden for at at oprette "Usershares" er slet fra. \nBrugernavnet skal vre "samba". Kodeordet for denne "samba"-bruger vlger du selv via det tredje parameter til dette script.\nNavnet p Workgroup er WORKGROUP.\n\nSamba-forbindelsen kan oprettes p to mder:\n- Samba over TCP direkte (nyere, anbefales): Her krer serveren p TCP port 445. Bde IPv4 og IPv6 skulle vre understttet.\n  Vi anbefaler at vlge Samba over TCP direkte, sfremt skanneren understtter det.\n- Samba over NetBIOS over TCP): Her kres serveren p TCP port 139 + UDP port 137 og 138. IPv4 er understttet.\n  Denne forbindelses-metode er ldre, og anbefales derfor kun til ldre scannere, hvor frstnvnte ikke virker.\n\nBEMRK: \n- Der SKAL logges ud efter krsel af dette script, fr denne share/delte mappe eksisterer, og derved fr forbindelsen kan oprettes!\n- Det kan vre ndvendigt at vlge en bestemt version af NTLM i skannerens Samba-indstillinger. Dvs. NTLMv1 eller NTLMv2.\n\n## Parametre\n- Aktiver: \n  - St hak for at installere Samba og oprette mappen.\n  - Udelad hak for at fjerne Samba og mappen.\n- Navn p mappen p skrivebordet\n- Vlg kodeord til Samba-brugeren. Nr du krer dette script for at deaktivere funktionen, er dette parameter ikke ndvendigt.\n- NTLMv2 eller nyere er et krav i Sambas standardkonfiguration. St hak her for at tillade ldre versioner - dvs. NTLMv1. De ldre protokoller er mindre sikre, men omvendt kan nogle (ldre) enheder ikke understtte de nye protokoller, s det kan vre ndvendigt, for at f forbindelsen til at virke.\n- NetBIOS er aktiveret som standard, som bde tillader at forbinde til Samba over NetBIOS og TCP direkte. Fjern hakket for at deaktivere NetBIOS-understttelse.\n  Dette kan du gre, hvis skanneren forbinder til Samba direkte over port 445, som er den nyere standard.	script_uploads/downloaded_core_scripts/os2borgerpc-core-scripts/a96d19567bf5c002c76d16cf80f6c894c2af499/scripts/scans_samba_dir.sh	f	\N	f	2025-05-08 07:53:15.425925+00	2025-05-08 07:53:15.425935+00			\N	f	\N
70	Slet printer (version: 1)	## Beskrivelse\nSlet den angivne printer.\n\nDet kan bde vre en regulr netvrksprinter eller en Princh-printer.\n\nFor at finde navnet p printeren, kan du kre scriptet "Vis printer-liste".\n\nDette script er blevet testet og virker p Ubuntu 22.04.	script_uploads/downloaded_core_scripts/os2borgerpc-core-scripts/a96d19567bf5c002c76d16cf80f6c894c2af499/scripts/printer_del.sh	f	\N	f	2025-05-08 07:53:15.436383+00	2025-05-08 07:53:15.436393+00			\N	f	\N
71	Fjern Luk Ned, Genstart og Hviletilstand fra menuen (version: 1)	## Beskrivelse\nScriptet fjerner Luk Ned, Genstart og Hviletilstand fra menuen og blokerer ogs for de samme via systempolitik, s eks. genstart/luk ned i s fald heller ikke kan kres fra terminalen af Borger.\n\n### Sikkerhedsmssige overvejelser\nDisse muligheder er fjernet fra OS2BorgerPC image 5.0.0 og fremadrettet af den rsag, at sikkerhedsscripts ikke kan overvge maskinen, nr den er slukket. Dvs. en angriber kunne potentielt slukke maskinen, indstte en keylogger ml. tastatur og computer, og s tnde computeren igen.\nAf samme grund har vi ogs udviklet scriptet "Bloker for login ved hrd nedlukning" for at forhindre at der lukkes ned p andre mder end menuen, dvs. ved at trykke p knappen eller hive strmstikket ud.\n\nDette script er blevet testet og virker p Ubuntu 22.04.\nDet er indbygget i OS2BorgerPC image v. 5.0.0 og fremadrettet. Det er dog blevet lbende udbygget.\nUdviklet og testet i samarbejde med Aarhus kommune.\n\n## Parametre\n\n1. Fjern hviletilstand?\n    St hak for at blokere for borgerens mulighed for at aktivere hviletilstand.\n    Lad st tom for at tilfje muligheden.\n2. Fjern ogs luk ned og genstart?\n    St hak for ogs at blokere for borgerens mulighed for at lukke eller genstarte computeren.\n    Lad st tom for at tilfje muligheden.\n    Hvis frste input str tom, tilfjes muligheden uanset vrdien af dette input.	script_uploads/downloaded_core_scripts/os2borgerpc-core-scripts/a96d19567bf5c002c76d16cf80f6c894c2af499/scripts/polkit_policy_shutdown_suspend.sh	f	\N	f	2025-05-08 07:53:15.441737+00	2025-05-08 07:53:15.441747+00			\N	f	\N
72	Fjern Network Managers Forbindelsestjek (Netics) (version: 1)	## Beskrivelse\nKan bruges til at fjerne hotspot popups fra bl.a. Netics.\n\nDette script er blevet testet og virker p Ubuntu 22.04.	script_uploads/downloaded_core_scripts/os2borgerpc-core-scripts/a96d19567bf5c002c76d16cf80f6c894c2af499/scripts/disable_network_connectivity_check.sh	f	\N	f	2025-05-08 07:53:15.448291+00	2025-05-08 07:53:15.448303+00			\N	f	\N
73	St standard-browser (version: 1)	## Beskrivelse\nSkifter standard-browseren ml. eksempelvis Firefox og Chrome. Installerer du andre browsere, virker scriptet ogs med disse.\n\nVed en frisk installation af BorgerPC er Firefox sat som standardbrowser. \nHvis maskinen i stedet skal bruge f. eks. Chrome som standardbrowser, forudstter det, at den browser frst er installeret.\n\nDet kan vre ndvendigt med logud, fr det tager effekt.\n\nDette script er blevet testet og virker p Ubuntu 22.04.\nAnvendes i OS2BorgerPC image 5.0.0 og senere til at stte Firefox til standardbrowseren. Det er hensigtsmssigt, da Firefox er den eneste medflgende browser p en OS2BorgerPC. Chrome skal srskilt installeres via script.\n\n## Parametre\n`firefox` skifter standardbrowseren til Firefox, `google-chrome` skifter den til Chrome.	script_uploads/downloaded_core_scripts/os2borgerpc-core-scripts/a96d19567bf5c002c76d16cf80f6c894c2af499/scripts/browser_set_default.sh	f	\N	f	2025-05-08 07:53:15.452451+00	2025-05-08 07:53:15.452461+00			\N	f	\N
74	APT: Set fix-broken to true (version: 1)	## Beskrivelse\nIndstillingen fix-broken pvirker, hvordan apt-get hndterer afhngighedsproblemer under installation eller opgradering af pakker.\n\nNr fix-broken er sat til "true", vil apt-get forsge at rette eventuelle brudte afhngigheder automatisk. Dette kan vre nyttigt, hvis der er manglende eller konfliktende pakker, da apt-get vil forsge at finde og installere de ndvendige pakker for at lse disse problemer. Hvis indstillingen ikke er aktiveret, vil apt-get muligvis fejle, hvis der opstr afhngighedsproblemer, og brugeren skal manuelt lse disse problemer.\n\nDette script benyttes af OS2BorgerPC image 5.3.0.\n\n## Parametre\n1. St hak for at aktivere.	script_uploads/downloaded_core_scripts/os2borgerpc-core-scripts/a96d19567bf5c002c76d16cf80f6c894c2af499/scripts/apt_get_config_set_fix_broken.sh	f	\N	f	2025-05-08 07:53:15.458678+00	2025-05-08 07:53:15.458688+00			\N	t	\N
75	Jobmanager: Skift start-tidspunkt og interval (version: 1)	## Beskrivelse\nJobmanageren er det program, der tjekker adminsitet efter om BorgerPC'en eller DisplayPC'en har nye scripts til krsel, og som sender status tilbage, og evt. information om sikkerhedsadvarsler. Jobmanageren krer normalt hvert 5. minut, startende fra 00.\n\nDette script fr i stedet cron.d/bibos_jobmanager jobbet til at starte p et tilfldigt tidspunkt inden for et givent interval.\n\nEksempel: Intervallet er 5 minutter, s kan jobmanageren potentielt kre hvert 1., 6., 11..56. minut hver time, i stedet for 0., 5., 10...55. minut.\n\nStarttidspunktet er valgt tilfldigt inden for et interval.\n\nDette script er inkluderet i OS2BorgerPC image fra version 4.0.0 og fremadrettet.\nDette script er blevet testet og virker p Ubuntu 22.04.	script_uploads/downloaded_core_scripts/os2borgerpc-core-scripts/a96d19567bf5c002c76d16cf80f6c894c2af499/scripts/randomize_jobmanager.sh	f	\N	f	2025-05-08 07:53:15.463813+00	2025-05-08 07:53:15.463822+00			\N	t	\N
76	Bloker for login ved hrd nedlukning (version: 1)	## Beskrivelse\nDette script lser bruger-kontoen ved en hrd nedlukning (f.eks. hvis man hiver strmstikket ud eller slukker maskinen p knappen).\nDets primre forml er at vre med til at forhindre borgere i at omg scriptet "Bloker for login ved USB-event".\n\nSIKKERHEDSMSSIGE OVERVEJELSER:\nEn BorgerPC kan kun overvges af software ssom sikkerhedsscripts, s lnge, den er tndt.\nDvs. hvis Borger kan tilg maskinen mens den er slukket, kan der indsttes en keylogger, uden at det kan detekteres.\nDerfor er dette script skrevet til at lse en maskine for login til Borger og give en advarsel hvis strmmen gr p maskinen, eksempelvis ved tryk p sluk-knappen eller ved at hive strmstikket.\nDette script lser IKKE maskinen hvis den lukkes ned p normal vis - eksempelvis ved at vlge "Luk ned" fra menuen, eller krsel af scripts til genstart/nedlukning.\nAf denne grund er det ogs centralt for dette script, at Borgers mulighed for at lukke ned/genstarte fjernes. Dette er der et script til, som nvnes lngere nede.\n\nBESKRIVELSE:\nDet er en god id at verificere at det virker, hvis computeren slukkes p knappen eller strmstikket fjernes.\n\nDette script bruges sammen:\n\n- Scriptet "Fjern Luk Ned, Genstart og Hviletilstand fra menuen"\n...s Borgeren ikke bare kan lukke computeren ned fra menuen, s fjernelse af strmstik eller knappen p maskinen er eneste mulighed for at slukke den.\n\nNr man s oplever, at Borger-kontoen er blevet lst, kan den lses op med Scriptet:\n"St Borger som aktiv efter blokeret login (ls op)".\n\nDette script er blevet testet og virker p Ubuntu 22.04.\n\n## Parametre\n1. Aktivr:\\\n  St hak: Blokering af login ved hrd nedlukning sls til\\\n  Lad st tom: Blokering af login ved hrd nedlukning sls fra (standard)	script_uploads/downloaded_core_scripts/os2borgerpc-core-scripts/a96d19567bf5c002c76d16cf80f6c894c2af499/scripts/hard_shutdown_lockdown.sh	f	\N	f	2025-05-08 07:53:15.468845+00	2025-05-08 07:53:15.468854+00			\N	f	\N
77	Log altid ud efter X minutter med nedtller (version: 1)	## Beskrivelse\nOpstter en OS2borgerPC til altid at logge ud efter et bestemt antal minutter, med en visuel nedtller p skrmen, til at vise, hvor lnge, der er tilbage fr logud.\n\n## Parametre\n\n  1. (Pkrvet) Aktivr?: St hak for at aktivere scriptet, lad st tom for at deaktivere scriptet.\n\n  2. (Pkrvet) Antal MINUTTER fr der logges ud.\n\n  3. (Valgfri) Tekst der vises fr nuvrende tidspunkt i nedtllingen.\n      Standardvrdi: "Tid tilbage: "\n\n  4. (Valgfri) Hvor mange SEKUNDER inden logud skal de advares om kommende logud.\n     Standardvrdi: 60\n\n  5. (Valgfri) Tekst der vises i beskeden om at brugeren snart logges ud.\n      Standardvrdi: "Tiden er udlbet om et minut. Husk at gemme dine ting."	script_uploads/downloaded_core_scripts/os2borgerpc-core-scripts/a96d19567bf5c002c76d16cf80f6c894c2af499/scripts/always_logout_after_time_visual.sh	f	\N	f	2025-05-08 07:53:15.474171+00	2025-05-08 07:53:15.474182+00			\N	f	\N
78	Sl automatisk netvrksprinter-finding fra/til (version: 1)	## Beskrivelse\nFjerner alle printere, der automatisk er fundet via netvrket.\nDerefter kan en printer s eventuelt tilfjes manuelt via enten scriptet "Printer - Tilfj netvrksprinter" eller "Printer - Tilfj netvrksprinter (PPD-fil skal angives)".\n\nHvis I udelukkende bruger Princh skal I installere via scriptet "Installer Princh Cloud Printer".\n\nHvis det ikke tager effekt med det samme, foresls det at genstarte maskinen, efter scriptet er krt.\n\nDette script er blevet testet og virker p Ubuntu 22.04.\n\n## Parametre\n1. Sl automatisk netvrksprinter-finding fra?:\\\nSt hak: Slr netvrksprinter-finding fra\\\nLad st tom: Slr netvrksprinter-finding til (standard)	script_uploads/downloaded_core_scripts/os2borgerpc-core-scripts/a96d19567bf5c002c76d16cf80f6c894c2af499/scripts/printer_toggle_network_discovery.sh	f	\N	f	2025-05-08 07:53:15.483434+00	2025-05-08 07:53:15.483445+00			\N	f	\N
79	GRUB: Skift kodeord (version: 1)	## Beskrivelse\nDette script vil gre at alle GRUB-menuerne p nr Ubuntu vil krve en adgangskode for brugeren superuser. \nGRUB er den "Bootloader" som OS2borgerPC og Ubuntu benytter som standard. Den er ansvarlig for at starte operativsystemet.\n\nHvis du forsger at redigere i indstillingerne til GRUB vil den ogs bede om brugernavn, som er "superuser".\n\nBemrk: Dette script kres automatisk under installationen, hvor der genereres et tilfldigt kodeord, s menuerne er beskyttet som standard. Hvis alt du nsker er at sikre GRUB, er det derfor ikke ndvendigt at kre. Men hvis du gerne selv vil have adgang til at kunne g ind at redigere GRUB under opstart kan du kre dette script.\n\nDet er vigtigt at man afprver scriptet p en enkelt borgerpc fr man ruller det ud p dem alle sammen.\n\nDet er ogs vigtigt at man husker det kodeord man stter p GRUB.\nDet er dog muligt at ndre det igen hvis man glemmer kodeordet. \n\n*Note: GRUB (og GRUB2) er kort sagt en "bootloader", ligesom BOOTMGR og NTLDR i Windows. \n           Du kan lse nrmere om den her: https://help.ubuntu.com/community/Grub2\n\nDette script indgr i OS2BorgerPC image version 4.0.0 og fremadrettet. Det stter et tilfldigt genereret GRUB password.\n\nDette script er blevet testet og virker p Ubuntu 22.04.	script_uploads/downloaded_core_scripts/os2borgerpc-core-scripts/a96d19567bf5c002c76d16cf80f6c894c2af499/scripts/grub_set_password.py	f	\N	f	2025-05-08 07:53:15.488483+00	2025-05-08 07:53:15.488494+00			\N	t	\N
80	Skift baggrundsbillede p loginskrm (version: 1)	## Beskrivelse\nScriptet skifter baggrundsbilledet p loginskrmen.\n\nUndg at bruge  i filnavnet, da det kan forrsage problemer.\n\nBilledets oplsning skal som minimum svare til skrmens oplsning.\n\nUndersg strrelsesforhold / "aspect ratio" p de pgldende skrme. Saml eventuelt skrme med ens strrelsesforhold i en gruppe for sig, hvis der er en-til-mange af forskellige strrelsesforhold. Hvis et givent billedes strrelsesforhold er anderledes fra skrmens strrelsesforhold, s fr man et "strukket" billede.\n\nFor se en given maskines skrmoplsning samt strrelsesforhold, s log p som superuser og g til "indstillinger" -> "Skrme".\n\nEksempler p oplsninger til forskellige strrelsesforhold:\n\n**4:3**\\\n800 x 600\\\n1024 x 768\\\n1400 x 1050\\\n1600 x 1200\n\n**5:4**\\\n1280 x 1024\\\n2560 x 2048\n\n**16:9**\\\n1366 x 768\\\n1600 x 900\\\n1920 x 1080\\\n2560 x 1440\n\n**16:10**\\\n1280 x 800\\\n1440 x 900\\\n1680 x 1050\\\n1920 x 1200\\\n2560 x 1600\n\nDette script er blevet testet og virker p Ubuntu 22.04.\n\n## Parametre\n\n1. Aktivr: \n    St hak for at stte og fastlse baggrundsbilledet\n    Udelad hak for at gre det muligt manuelt at stte sit eget billede direkte fra computeren\n2. Billede : Filupload	script_uploads/downloaded_core_scripts/os2borgerpc-core-scripts/a96d19567bf5c002c76d16cf80f6c894c2af499/scripts/dconf_change_login_bg.sh	f	\N	f	2025-05-08 07:53:15.493597+00	2025-05-08 07:53:15.493607+00			\N	f	\N
81	Installer Princh Cloud Printer (version: 2)	## Beskrivelse\nInstaller Princh Cloud Printer\n\nEfter dette script kres "Printer - Tilfj Princh Cloud Printer".\n\nDette script er blevet testet og virker p Ubuntu 22.04.	script_uploads/downloaded_core_scripts/os2borgerpc-core-scripts/a96d19567bf5c002c76d16cf80f6c894c2af499/scripts/printer_princh_install.sh	f	\N	f	2025-05-08 07:53:15.500599+00	2025-05-08 07:53:15.500609+00			\N	f	\N
82	Detekter nytilsluttet keyboard (version: 1)	## Beskrivelse\nSikkerhedsscriptet identificerer ny-tilsluttede keyboards helt tilbage fra sidste gang systemet blev tjekket. Findes det resulterer det i en sikkerhedshndelse. \nAt fjerne et keyboard giver IKKE en advarsel.\n\nBEMRK: Dette sikkerhedsscript er afhngigt af, om USB-enheden identificerer sig selv som et keyboard. Af denne grund, vil vi - sfremt det er muligt i jeres anvendelse -  anbefale i stedet at benytte scriptet, der lser maskinen ved indsttelse af ALLE USB-enheder ("Bloker for login ved USB-event"), sammen med sikkerhedscriptet der giver en advarsel, nr Borger-kontoen er blevet lst ("Detekter lst Borgerkonto").\n\nDette sikkerhedsscript virker bde p OS2borgerPC og OS2borgerPC Kiosk, men vi mener det er mest relevant p frstnvnte, ift. faren ved keyloggers p publikumsmaskiner.\n\nVIGTIG BEMRKNING: \nSikkerhedsscriptet er kun aktivt, nr maskinen er tndt!\n\nAf ovenstende grund er det centralt, at besgende ikke kan tilg maskinerne mens de er slukket, uden at det opdages.\n\nDerfor foreslr vi at kombinere det med flgende tre scripts:\n\n1. Scriptet "Desktop - Fjern Luk Ned og Genstart fra sessionmenuen og blokr for nedlukning via systempolitik"\n\n2. Scriptet "OS2borgerPC - Blokr for login ved hrd nedlukning"\n\n3. Sikkerhedsscriptet "Detekter lst Borgerkonto"\n\nSammen betyder de tre:\n1.  At brugeren ikke kan lukke maskinen ned fra menuen. \n2. Trykker de p knappen for at lukke den ned, eller hiver de strmstikket ud, s lses der for login for Borger-kontoen. (Da de potentielt vre have indsat en keylogger)\n3. Hvis Borger-kontoen lses modtager man, pga. script tre, en sikkerhedshndelse\n\nnsker man slet ikke at Borgere skal kunne rode med USB-enheder s kan man bruge scriptet \n"OS2borgerPC - Blokr for login ved USB-event"\nMed dette andet script vil bde at tilfje eller fjerne en USB-enhed mens maskinen er tndt, betyde at Borgeren logges jeblikkeligt ud, og at der derefter lses for login.\n\nNr Borger-kontoen er lst kan man fra adminsitet kre scriptet "OS2borgerPC - St bruger aktiv efter blokeret login (ls op)" for at bne for login p Borger-kontoen igen.\n\n## Parametre\nIngen	script_uploads/downloaded_core_scripts/os2borgerpc-core-scripts/a96d19567bf5c002c76d16cf80f6c894c2af499/scripts/detect_keyboard_event.py	t	\N	f	2025-05-08 07:53:15.505067+00	2025-05-08 07:53:15.505076+00			\N	f	\N
83	Juster Ubuntu Dock (programmenu) (version: 1)	## Beskrivelse\nDette script kan justere Ubuntus Dock (programmenuen ved siden af skrivebordet) p to mder:\n\n1. nsket position for menuen: Ubuntu Docks ligger normalt opad venstre kant af skrmen ("LEFT"), men kan flyttes til en af de andre sider.\n2. Applikationsstarteren (de 9 "prikker") ligger normalt i bunden af menuen. Hvis du vlger true, kan den flyttes til toppen.\n\nTager scriptet ikke jeblikkeligt effekt, s prv med en genstart.	script_uploads/downloaded_core_scripts/os2borgerpc-core-scripts/a96d19567bf5c002c76d16cf80f6c894c2af499/scripts/dconf_ubuntu_dock_adjust.sh	f	\N	f	2025-05-08 07:53:15.509077+00	2025-05-08 07:53:15.509088+00			\N	f	\N
\.


--
-- Data for Name: system_script_products; Type: TABLE DATA; Schema: public; Owner: bpc
--

COPY public.system_script_products (id, script_id, product_id) FROM stdin;
\.


--
-- Data for Name: system_script_tags; Type: TABLE DATA; Schema: public; Owner: bpc
--

COPY public.system_script_tags (id, script_id, scripttag_id) FROM stdin;
1	1	1
2	2	2
3	3	3
4	4	3
5	5	1
6	6	2
7	7	4
8	8	4
9	9	5
10	10	4
11	11	4
12	12	6
13	13	7
14	14	6
15	15	4
16	16	3
17	17	4
18	18	2
19	19	6
20	20	4
21	21	1
22	22	4
23	23	2
24	24	3
25	25	3
26	26	5
27	27	6
28	28	8
29	29	5
30	30	2
31	31	2
32	32	3
33	33	7
34	34	5
35	35	7
36	36	4
37	37	7
38	38	7
39	39	7
40	40	7
41	41	7
42	42	4
43	43	3
44	44	4
45	45	3
46	46	7
47	47	5
48	48	3
49	49	6
50	50	7
51	51	4
52	52	3
53	53	2
54	54	7
55	55	4
56	56	6
57	57	3
58	58	6
59	59	3
60	60	3
61	61	4
62	62	1
63	63	1
64	64	1
65	65	8
66	66	5
67	67	1
68	68	6
69	69	9
70	70	6
71	71	4
72	72	7
73	73	1
74	74	7
75	75	7
76	76	4
77	77	4
78	78	6
79	79	7
80	80	5
81	81	6
82	82	4
83	83	3
\.


--
-- Data for Name: system_scripttag; Type: TABLE DATA; Schema: public; Owner: bpc
--

COPY public.system_scripttag (id, name) FROM stdin;
1	Browser
2	Kiosk
3	Desktop
4	Sikkerhed
5	Login
6	Printer
7	System
8	Programmer
9	Skanner
\.


--
-- Data for Name: system_securityevent; Type: TABLE DATA; Schema: public; Owner: bpc
--

COPY public.system_securityevent (id, occurred_time, reported_time, summary, complete_log, status, note, assigned_user_id, pc_id, problem_id, event_rule_server_id) FROM stdin;
\.


--
-- Data for Name: system_securityproblem; Type: TABLE DATA; Schema: public; Owner: bpc
--

COPY public.system_securityproblem (id, name, description, level, security_script_id, site_id) FROM stdin;
\.


--
-- Data for Name: system_securityproblem_alert_groups; Type: TABLE DATA; Schema: public; Owner: bpc
--

COPY public.system_securityproblem_alert_groups (id, securityproblem_id, pcgroup_id) FROM stdin;
\.


--
-- Data for Name: system_securityproblem_alert_users; Type: TABLE DATA; Schema: public; Owner: bpc
--

COPY public.system_securityproblem_alert_users (id, securityproblem_id, user_id) FROM stdin;
\.


--
-- Data for Name: system_site; Type: TABLE DATA; Schema: public; Owner: bpc
--

COPY public.system_site (id, name, uid, configuration_id, agency_id, user_login_duration, user_quarantine_duration, created, rerun_asc, citizen_login_api_password, citizen_login_api_user, booking_api_key, booking_api_url, citizen_login_api_key, customer_id) FROM stdin;
1	Default	default	1		01:00:00	04:00:00	2025-05-02 10:49:52.938989+00	t						1
\.


--
-- Data for Name: system_wakechangeevent; Type: TABLE DATA; Schema: public; Owner: bpc
--

COPY public.system_wakechangeevent (id, name, date_start, time_start, date_end, time_end, type, site_id) FROM stdin;
\.


--
-- Data for Name: system_wakeweekplan; Type: TABLE DATA; Schema: public; Owner: bpc
--

COPY public.system_wakeweekplan (id, name, enabled, sleep_state, monday_on, monday_off, monday_open, tuesday_on, tuesday_off, tuesday_open, wednesday_on, wednesday_off, wednesday_open, thursday_on, thursday_off, thursday_open, friday_on, friday_off, friday_open, saturday_on, saturday_off, saturday_open, sunday_on, sunday_off, sunday_open, site_id) FROM stdin;
\.


--
-- Data for Name: system_wakeweekplan_wake_change_events; Type: TABLE DATA; Schema: public; Owner: bpc
--

COPY public.system_wakeweekplan_wake_change_events (id, wakeweekplan_id, wakechangeevent_id) FROM stdin;
\.


--
-- Data for Name: two_factor_phonedevice; Type: TABLE DATA; Schema: public; Owner: bpc
--

COPY public.two_factor_phonedevice (id, name, confirmed, number, key, method, user_id, throttling_failure_count, throttling_failure_timestamp) FROM stdin;
\.


--
-- Name: account_sitemembership_id_seq; Type: SEQUENCE SET; Schema: public; Owner: bpc
--

SELECT pg_catalog.setval('public.account_sitemembership_id_seq', 1, true);


--
-- Name: account_userprofile_id_seq; Type: SEQUENCE SET; Schema: public; Owner: bpc
--

SELECT pg_catalog.setval('public.account_userprofile_id_seq', 1, true);


--
-- Name: auth_group_id_seq; Type: SEQUENCE SET; Schema: public; Owner: bpc
--

SELECT pg_catalog.setval('public.auth_group_id_seq', 1, false);


--
-- Name: auth_group_permissions_id_seq; Type: SEQUENCE SET; Schema: public; Owner: bpc
--

SELECT pg_catalog.setval('public.auth_group_permissions_id_seq', 1, false);


--
-- Name: auth_permission_id_seq; Type: SEQUENCE SET; Schema: public; Owner: bpc
--

SELECT pg_catalog.setval('public.auth_permission_id_seq', 164, true);


--
-- Name: auth_user_groups_id_seq; Type: SEQUENCE SET; Schema: public; Owner: bpc
--

SELECT pg_catalog.setval('public.auth_user_groups_id_seq', 1, false);


--
-- Name: auth_user_id_seq; Type: SEQUENCE SET; Schema: public; Owner: bpc
--

SELECT pg_catalog.setval('public.auth_user_id_seq', 1, true);


--
-- Name: auth_user_user_permissions_id_seq; Type: SEQUENCE SET; Schema: public; Owner: bpc
--

SELECT pg_catalog.setval('public.auth_user_user_permissions_id_seq', 1, false);


--
-- Name: changelog_changelog_id_seq; Type: SEQUENCE SET; Schema: public; Owner: bpc
--

SELECT pg_catalog.setval('public.changelog_changelog_id_seq', 1, false);


--
-- Name: changelog_changelog_tags_id_seq; Type: SEQUENCE SET; Schema: public; Owner: bpc
--

SELECT pg_catalog.setval('public.changelog_changelog_tags_id_seq', 1, false);


--
-- Name: changelog_changelogcomment_id_seq; Type: SEQUENCE SET; Schema: public; Owner: bpc
--

SELECT pg_catalog.setval('public.changelog_changelogcomment_id_seq', 1, false);


--
-- Name: changelog_changelogtag_id_seq; Type: SEQUENCE SET; Schema: public; Owner: bpc
--

SELECT pg_catalog.setval('public.changelog_changelogtag_id_seq', 1, false);


--
-- Name: django_admin_log_id_seq; Type: SEQUENCE SET; Schema: public; Owner: bpc
--

SELECT pg_catalog.setval('public.django_admin_log_id_seq', 1, false);


--
-- Name: django_content_type_id_seq; Type: SEQUENCE SET; Schema: public; Owner: bpc
--

SELECT pg_catalog.setval('public.django_content_type_id_seq', 41, true);


--
-- Name: django_migrations_id_seq; Type: SEQUENCE SET; Schema: public; Owner: bpc
--

SELECT pg_catalog.setval('public.django_migrations_id_seq', 129, true);


--
-- Name: django_site_id_seq; Type: SEQUENCE SET; Schema: public; Owner: bpc
--

SELECT pg_catalog.setval('public.django_site_id_seq', 1, true);


--
-- Name: otp_static_staticdevice_id_seq; Type: SEQUENCE SET; Schema: public; Owner: bpc
--

SELECT pg_catalog.setval('public.otp_static_staticdevice_id_seq', 1, false);


--
-- Name: otp_static_statictoken_id_seq; Type: SEQUENCE SET; Schema: public; Owner: bpc
--

SELECT pg_catalog.setval('public.otp_static_statictoken_id_seq', 1, false);


--
-- Name: otp_totp_totpdevice_id_seq; Type: SEQUENCE SET; Schema: public; Owner: bpc
--

SELECT pg_catalog.setval('public.otp_totp_totpdevice_id_seq', 1, false);


--
-- Name: system_apikey_id_seq; Type: SEQUENCE SET; Schema: public; Owner: bpc
--

SELECT pg_catalog.setval('public.system_apikey_id_seq', 1, false);


--
-- Name: system_associatedscript_id_seq; Type: SEQUENCE SET; Schema: public; Owner: bpc
--

SELECT pg_catalog.setval('public.system_associatedscript_id_seq', 1, false);


--
-- Name: system_associatedscriptparameter_id_seq; Type: SEQUENCE SET; Schema: public; Owner: bpc
--

SELECT pg_catalog.setval('public.system_associatedscriptparameter_id_seq', 1, false);


--
-- Name: system_batch_id_seq; Type: SEQUENCE SET; Schema: public; Owner: bpc
--

SELECT pg_catalog.setval('public.system_batch_id_seq', 1, false);


--
-- Name: system_batchparameter_id_seq; Type: SEQUENCE SET; Schema: public; Owner: bpc
--

SELECT pg_catalog.setval('public.system_batchparameter_id_seq', 1, false);


--
-- Name: system_citizenlogin_id_seq; Type: SEQUENCE SET; Schema: public; Owner: bpc
--

SELECT pg_catalog.setval('public.system_citizenlogin_id_seq', 1, false);


--
-- Name: system_configuration_id_seq; Type: SEQUENCE SET; Schema: public; Owner: bpc
--

SELECT pg_catalog.setval('public.system_configuration_id_seq', 1, true);


--
-- Name: system_configurationentry_id_seq; Type: SEQUENCE SET; Schema: public; Owner: bpc
--

SELECT pg_catalog.setval('public.system_configurationentry_id_seq', 1, false);


--
-- Name: system_country_id_seq; Type: SEQUENCE SET; Schema: public; Owner: bpc
--

SELECT pg_catalog.setval('public.system_country_id_seq', 1, true);


--
-- Name: system_customer_id_seq; Type: SEQUENCE SET; Schema: public; Owner: bpc
--

SELECT pg_catalog.setval('public.system_customer_id_seq', 1, true);


--
-- Name: system_eventruleserver_alert_groups_id_seq; Type: SEQUENCE SET; Schema: public; Owner: bpc
--

SELECT pg_catalog.setval('public.system_eventruleserver_alert_groups_id_seq', 1, false);


--
-- Name: system_eventruleserver_alert_users_id_seq; Type: SEQUENCE SET; Schema: public; Owner: bpc
--

SELECT pg_catalog.setval('public.system_eventruleserver_alert_users_id_seq', 1, false);


--
-- Name: system_eventruleserver_id_seq; Type: SEQUENCE SET; Schema: public; Owner: bpc
--

SELECT pg_catalog.setval('public.system_eventruleserver_id_seq', 1, false);


--
-- Name: system_featurepermission_customers_id_seq; Type: SEQUENCE SET; Schema: public; Owner: bpc
--

SELECT pg_catalog.setval('public.system_featurepermission_customers_id_seq', 1, true);


--
-- Name: system_featurepermission_id_seq; Type: SEQUENCE SET; Schema: public; Owner: bpc
--

SELECT pg_catalog.setval('public.system_featurepermission_id_seq', 1, true);


--
-- Name: system_imageversion_id_seq; Type: SEQUENCE SET; Schema: public; Owner: bpc
--

SELECT pg_catalog.setval('public.system_imageversion_id_seq', 1, false);


--
-- Name: system_input_id_seq; Type: SEQUENCE SET; Schema: public; Owner: bpc
--

SELECT pg_catalog.setval('public.system_input_id_seq', 148, true);


--
-- Name: system_job_id_seq; Type: SEQUENCE SET; Schema: public; Owner: bpc
--

SELECT pg_catalog.setval('public.system_job_id_seq', 1, false);


--
-- Name: system_loginlog_id_seq; Type: SEQUENCE SET; Schema: public; Owner: bpc
--

SELECT pg_catalog.setval('public.system_loginlog_id_seq', 1, false);


--
-- Name: system_pc_id_seq; Type: SEQUENCE SET; Schema: public; Owner: bpc
--

SELECT pg_catalog.setval('public.system_pc_id_seq', 1, false);


--
-- Name: system_pc_pc_groups_id_seq; Type: SEQUENCE SET; Schema: public; Owner: bpc
--

SELECT pg_catalog.setval('public.system_pc_pc_groups_id_seq', 1, false);


--
-- Name: system_pcgroup_id_seq; Type: SEQUENCE SET; Schema: public; Owner: bpc
--

SELECT pg_catalog.setval('public.system_pcgroup_id_seq', 1, false);


--
-- Name: system_pcgroup_supervisors_id_seq; Type: SEQUENCE SET; Schema: public; Owner: bpc
--

SELECT pg_catalog.setval('public.system_pcgroup_supervisors_id_seq', 1, false);


--
-- Name: system_product_id_seq; Type: SEQUENCE SET; Schema: public; Owner: bpc
--

SELECT pg_catalog.setval('public.system_product_id_seq', 1, false);


--
-- Name: system_script_id_seq; Type: SEQUENCE SET; Schema: public; Owner: bpc
--

SELECT pg_catalog.setval('public.system_script_id_seq', 83, true);


--
-- Name: system_script_products_id_seq; Type: SEQUENCE SET; Schema: public; Owner: bpc
--

SELECT pg_catalog.setval('public.system_script_products_id_seq', 1, false);


--
-- Name: system_script_tags_id_seq; Type: SEQUENCE SET; Schema: public; Owner: bpc
--

SELECT pg_catalog.setval('public.system_script_tags_id_seq', 83, true);


--
-- Name: system_scripttag_id_seq; Type: SEQUENCE SET; Schema: public; Owner: bpc
--

SELECT pg_catalog.setval('public.system_scripttag_id_seq', 9, true);


--
-- Name: system_securityevent_id_seq; Type: SEQUENCE SET; Schema: public; Owner: bpc
--

SELECT pg_catalog.setval('public.system_securityevent_id_seq', 1, false);


--
-- Name: system_securityproblem_alert_groups_id_seq; Type: SEQUENCE SET; Schema: public; Owner: bpc
--

SELECT pg_catalog.setval('public.system_securityproblem_alert_groups_id_seq', 1, false);


--
-- Name: system_securityproblem_alert_users_id_seq; Type: SEQUENCE SET; Schema: public; Owner: bpc
--

SELECT pg_catalog.setval('public.system_securityproblem_alert_users_id_seq', 1, false);


--
-- Name: system_securityproblem_id_seq; Type: SEQUENCE SET; Schema: public; Owner: bpc
--

SELECT pg_catalog.setval('public.system_securityproblem_id_seq', 1, false);


--
-- Name: system_site_id_seq; Type: SEQUENCE SET; Schema: public; Owner: bpc
--

SELECT pg_catalog.setval('public.system_site_id_seq', 1, true);


--
-- Name: system_wakechangeevent_id_seq; Type: SEQUENCE SET; Schema: public; Owner: bpc
--

SELECT pg_catalog.setval('public.system_wakechangeevent_id_seq', 1, false);


--
-- Name: system_wakeweekplan_id_seq; Type: SEQUENCE SET; Schema: public; Owner: bpc
--

SELECT pg_catalog.setval('public.system_wakeweekplan_id_seq', 1, false);


--
-- Name: system_wakeweekplan_wake_change_events_id_seq; Type: SEQUENCE SET; Schema: public; Owner: bpc
--

SELECT pg_catalog.setval('public.system_wakeweekplan_wake_change_events_id_seq', 1, false);


--
-- Name: two_factor_phonedevice_id_seq; Type: SEQUENCE SET; Schema: public; Owner: bpc
--

SELECT pg_catalog.setval('public.two_factor_phonedevice_id_seq', 1, false);


--
-- Name: account_sitemembership account_sitemembership_pkey; Type: CONSTRAINT; Schema: public; Owner: bpc
--

ALTER TABLE ONLY public.account_sitemembership
    ADD CONSTRAINT account_sitemembership_pkey PRIMARY KEY (id);


--
-- Name: account_userprofile account_userprofile_pkey; Type: CONSTRAINT; Schema: public; Owner: bpc
--

ALTER TABLE ONLY public.account_userprofile
    ADD CONSTRAINT account_userprofile_pkey PRIMARY KEY (id);


--
-- Name: account_userprofile account_userprofile_user_id_key; Type: CONSTRAINT; Schema: public; Owner: bpc
--

ALTER TABLE ONLY public.account_userprofile
    ADD CONSTRAINT account_userprofile_user_id_key UNIQUE (user_id);


--
-- Name: auth_group auth_group_name_key; Type: CONSTRAINT; Schema: public; Owner: bpc
--

ALTER TABLE ONLY public.auth_group
    ADD CONSTRAINT auth_group_name_key UNIQUE (name);


--
-- Name: auth_group_permissions auth_group_permissions_group_id_permission_id_0cd325b0_uniq; Type: CONSTRAINT; Schema: public; Owner: bpc
--

ALTER TABLE ONLY public.auth_group_permissions
    ADD CONSTRAINT auth_group_permissions_group_id_permission_id_0cd325b0_uniq UNIQUE (group_id, permission_id);


--
-- Name: auth_group_permissions auth_group_permissions_pkey; Type: CONSTRAINT; Schema: public; Owner: bpc
--

ALTER TABLE ONLY public.auth_group_permissions
    ADD CONSTRAINT auth_group_permissions_pkey PRIMARY KEY (id);


--
-- Name: auth_group auth_group_pkey; Type: CONSTRAINT; Schema: public; Owner: bpc
--

ALTER TABLE ONLY public.auth_group
    ADD CONSTRAINT auth_group_pkey PRIMARY KEY (id);


--
-- Name: auth_permission auth_permission_content_type_id_codename_01ab375a_uniq; Type: CONSTRAINT; Schema: public; Owner: bpc
--

ALTER TABLE ONLY public.auth_permission
    ADD CONSTRAINT auth_permission_content_type_id_codename_01ab375a_uniq UNIQUE (content_type_id, codename);


--
-- Name: auth_permission auth_permission_pkey; Type: CONSTRAINT; Schema: public; Owner: bpc
--

ALTER TABLE ONLY public.auth_permission
    ADD CONSTRAINT auth_permission_pkey PRIMARY KEY (id);


--
-- Name: auth_user_groups auth_user_groups_pkey; Type: CONSTRAINT; Schema: public; Owner: bpc
--

ALTER TABLE ONLY public.auth_user_groups
    ADD CONSTRAINT auth_user_groups_pkey PRIMARY KEY (id);


--
-- Name: auth_user_groups auth_user_groups_user_id_group_id_94350c0c_uniq; Type: CONSTRAINT; Schema: public; Owner: bpc
--

ALTER TABLE ONLY public.auth_user_groups
    ADD CONSTRAINT auth_user_groups_user_id_group_id_94350c0c_uniq UNIQUE (user_id, group_id);


--
-- Name: auth_user auth_user_pkey; Type: CONSTRAINT; Schema: public; Owner: bpc
--

ALTER TABLE ONLY public.auth_user
    ADD CONSTRAINT auth_user_pkey PRIMARY KEY (id);


--
-- Name: auth_user_user_permissions auth_user_user_permissions_pkey; Type: CONSTRAINT; Schema: public; Owner: bpc
--

ALTER TABLE ONLY public.auth_user_user_permissions
    ADD CONSTRAINT auth_user_user_permissions_pkey PRIMARY KEY (id);


--
-- Name: auth_user_user_permissions auth_user_user_permissions_user_id_permission_id_14a6b632_uniq; Type: CONSTRAINT; Schema: public; Owner: bpc
--

ALTER TABLE ONLY public.auth_user_user_permissions
    ADD CONSTRAINT auth_user_user_permissions_user_id_permission_id_14a6b632_uniq UNIQUE (user_id, permission_id);


--
-- Name: auth_user auth_user_username_key; Type: CONSTRAINT; Schema: public; Owner: bpc
--

ALTER TABLE ONLY public.auth_user
    ADD CONSTRAINT auth_user_username_key UNIQUE (username);


--
-- Name: changelog_changelog changelog_changelog_pkey; Type: CONSTRAINT; Schema: public; Owner: bpc
--

ALTER TABLE ONLY public.changelog_changelog
    ADD CONSTRAINT changelog_changelog_pkey PRIMARY KEY (id);


--
-- Name: changelog_changelog_tags changelog_changelog_tags_changelog_id_changelogta_de88d7c7_uniq; Type: CONSTRAINT; Schema: public; Owner: bpc
--

ALTER TABLE ONLY public.changelog_changelog_tags
    ADD CONSTRAINT changelog_changelog_tags_changelog_id_changelogta_de88d7c7_uniq UNIQUE (changelog_id, changelogtag_id);


--
-- Name: changelog_changelog_tags changelog_changelog_tags_pkey; Type: CONSTRAINT; Schema: public; Owner: bpc
--

ALTER TABLE ONLY public.changelog_changelog_tags
    ADD CONSTRAINT changelog_changelog_tags_pkey PRIMARY KEY (id);


--
-- Name: changelog_changelogcomment changelog_changelogcomment_pkey; Type: CONSTRAINT; Schema: public; Owner: bpc
--

ALTER TABLE ONLY public.changelog_changelogcomment
    ADD CONSTRAINT changelog_changelogcomment_pkey PRIMARY KEY (id);


--
-- Name: changelog_changelogtag changelog_changelogtag_pkey; Type: CONSTRAINT; Schema: public; Owner: bpc
--

ALTER TABLE ONLY public.changelog_changelogtag
    ADD CONSTRAINT changelog_changelogtag_pkey PRIMARY KEY (id);


--
-- Name: django_admin_log django_admin_log_pkey; Type: CONSTRAINT; Schema: public; Owner: bpc
--

ALTER TABLE ONLY public.django_admin_log
    ADD CONSTRAINT django_admin_log_pkey PRIMARY KEY (id);


--
-- Name: django_content_type django_content_type_app_label_model_76bd3d3b_uniq; Type: CONSTRAINT; Schema: public; Owner: bpc
--

ALTER TABLE ONLY public.django_content_type
    ADD CONSTRAINT django_content_type_app_label_model_76bd3d3b_uniq UNIQUE (app_label, model);


--
-- Name: django_content_type django_content_type_pkey; Type: CONSTRAINT; Schema: public; Owner: bpc
--

ALTER TABLE ONLY public.django_content_type
    ADD CONSTRAINT django_content_type_pkey PRIMARY KEY (id);


--
-- Name: django_migrations django_migrations_pkey; Type: CONSTRAINT; Schema: public; Owner: bpc
--

ALTER TABLE ONLY public.django_migrations
    ADD CONSTRAINT django_migrations_pkey PRIMARY KEY (id);


--
-- Name: django_session django_session_pkey; Type: CONSTRAINT; Schema: public; Owner: bpc
--

ALTER TABLE ONLY public.django_session
    ADD CONSTRAINT django_session_pkey PRIMARY KEY (session_key);


--
-- Name: django_site django_site_domain_a2e37b91_uniq; Type: CONSTRAINT; Schema: public; Owner: bpc
--

ALTER TABLE ONLY public.django_site
    ADD CONSTRAINT django_site_domain_a2e37b91_uniq UNIQUE (domain);


--
-- Name: django_site django_site_pkey; Type: CONSTRAINT; Schema: public; Owner: bpc
--

ALTER TABLE ONLY public.django_site
    ADD CONSTRAINT django_site_pkey PRIMARY KEY (id);


--
-- Name: otp_static_staticdevice otp_static_staticdevice_pkey; Type: CONSTRAINT; Schema: public; Owner: bpc
--

ALTER TABLE ONLY public.otp_static_staticdevice
    ADD CONSTRAINT otp_static_staticdevice_pkey PRIMARY KEY (id);


--
-- Name: otp_static_statictoken otp_static_statictoken_pkey; Type: CONSTRAINT; Schema: public; Owner: bpc
--

ALTER TABLE ONLY public.otp_static_statictoken
    ADD CONSTRAINT otp_static_statictoken_pkey PRIMARY KEY (id);


--
-- Name: otp_totp_totpdevice otp_totp_totpdevice_pkey; Type: CONSTRAINT; Schema: public; Owner: bpc
--

ALTER TABLE ONLY public.otp_totp_totpdevice
    ADD CONSTRAINT otp_totp_totpdevice_pkey PRIMARY KEY (id);


--
-- Name: system_apikey system_apikey_key_key; Type: CONSTRAINT; Schema: public; Owner: bpc
--

ALTER TABLE ONLY public.system_apikey
    ADD CONSTRAINT system_apikey_key_key UNIQUE (key);


--
-- Name: system_apikey system_apikey_pkey; Type: CONSTRAINT; Schema: public; Owner: bpc
--

ALTER TABLE ONLY public.system_apikey
    ADD CONSTRAINT system_apikey_pkey PRIMARY KEY (id);


--
-- Name: system_associatedscript system_associatedscript_pkey; Type: CONSTRAINT; Schema: public; Owner: bpc
--

ALTER TABLE ONLY public.system_associatedscript
    ADD CONSTRAINT system_associatedscript_pkey PRIMARY KEY (id);


--
-- Name: system_associatedscriptparameter system_associatedscriptparameter_pkey; Type: CONSTRAINT; Schema: public; Owner: bpc
--

ALTER TABLE ONLY public.system_associatedscriptparameter
    ADD CONSTRAINT system_associatedscriptparameter_pkey PRIMARY KEY (id);


--
-- Name: system_batch system_batch_pkey; Type: CONSTRAINT; Schema: public; Owner: bpc
--

ALTER TABLE ONLY public.system_batch
    ADD CONSTRAINT system_batch_pkey PRIMARY KEY (id);


--
-- Name: system_batchparameter system_batchparameter_pkey; Type: CONSTRAINT; Schema: public; Owner: bpc
--

ALTER TABLE ONLY public.system_batchparameter
    ADD CONSTRAINT system_batchparameter_pkey PRIMARY KEY (id);


--
-- Name: system_citizen system_citizenlogin_citizen_id_key; Type: CONSTRAINT; Schema: public; Owner: bpc
--

ALTER TABLE ONLY public.system_citizen
    ADD CONSTRAINT system_citizenlogin_citizen_id_key UNIQUE (citizen_id);


--
-- Name: system_citizen system_citizenlogin_pkey; Type: CONSTRAINT; Schema: public; Owner: bpc
--

ALTER TABLE ONLY public.system_citizen
    ADD CONSTRAINT system_citizenlogin_pkey PRIMARY KEY (id);


--
-- Name: system_configuration system_configuration_name_key; Type: CONSTRAINT; Schema: public; Owner: bpc
--

ALTER TABLE ONLY public.system_configuration
    ADD CONSTRAINT system_configuration_name_key UNIQUE (name);


--
-- Name: system_configuration system_configuration_pkey; Type: CONSTRAINT; Schema: public; Owner: bpc
--

ALTER TABLE ONLY public.system_configuration
    ADD CONSTRAINT system_configuration_pkey PRIMARY KEY (id);


--
-- Name: system_configurationentry system_configurationentry_pkey; Type: CONSTRAINT; Schema: public; Owner: bpc
--

ALTER TABLE ONLY public.system_configurationentry
    ADD CONSTRAINT system_configurationentry_pkey PRIMARY KEY (id);


--
-- Name: system_country system_country_pkey; Type: CONSTRAINT; Schema: public; Owner: bpc
--

ALTER TABLE ONLY public.system_country
    ADD CONSTRAINT system_country_pkey PRIMARY KEY (id);


--
-- Name: system_customer system_customer_pkey; Type: CONSTRAINT; Schema: public; Owner: bpc
--

ALTER TABLE ONLY public.system_customer
    ADD CONSTRAINT system_customer_pkey PRIMARY KEY (id);


--
-- Name: system_eventruleserver_alert_groups system_eventruleserver_a_eventruleserver_id_pcgro_83bb2f60_uniq; Type: CONSTRAINT; Schema: public; Owner: bpc
--

ALTER TABLE ONLY public.system_eventruleserver_alert_groups
    ADD CONSTRAINT system_eventruleserver_a_eventruleserver_id_pcgro_83bb2f60_uniq UNIQUE (eventruleserver_id, pcgroup_id);


--
-- Name: system_eventruleserver_alert_users system_eventruleserver_a_eventruleserver_id_user__ab79fe9c_uniq; Type: CONSTRAINT; Schema: public; Owner: bpc
--

ALTER TABLE ONLY public.system_eventruleserver_alert_users
    ADD CONSTRAINT system_eventruleserver_a_eventruleserver_id_user__ab79fe9c_uniq UNIQUE (eventruleserver_id, user_id);


--
-- Name: system_eventruleserver_alert_groups system_eventruleserver_alert_groups_pkey; Type: CONSTRAINT; Schema: public; Owner: bpc
--

ALTER TABLE ONLY public.system_eventruleserver_alert_groups
    ADD CONSTRAINT system_eventruleserver_alert_groups_pkey PRIMARY KEY (id);


--
-- Name: system_eventruleserver_alert_users system_eventruleserver_alert_users_pkey; Type: CONSTRAINT; Schema: public; Owner: bpc
--

ALTER TABLE ONLY public.system_eventruleserver_alert_users
    ADD CONSTRAINT system_eventruleserver_alert_users_pkey PRIMARY KEY (id);


--
-- Name: system_eventruleserver system_eventruleserver_pkey; Type: CONSTRAINT; Schema: public; Owner: bpc
--

ALTER TABLE ONLY public.system_eventruleserver
    ADD CONSTRAINT system_eventruleserver_pkey PRIMARY KEY (id);


--
-- Name: system_featurepermission_customers system_featurepermission_customers_pkey; Type: CONSTRAINT; Schema: public; Owner: bpc
--

ALTER TABLE ONLY public.system_featurepermission_customers
    ADD CONSTRAINT system_featurepermission_customers_pkey PRIMARY KEY (id);


--
-- Name: system_featurepermission_customers system_featurepermission_featurepermission_id_cus_1b8d2c69_uniq; Type: CONSTRAINT; Schema: public; Owner: bpc
--

ALTER TABLE ONLY public.system_featurepermission_customers
    ADD CONSTRAINT system_featurepermission_featurepermission_id_cus_1b8d2c69_uniq UNIQUE (featurepermission_id, customer_id);


--
-- Name: system_featurepermission system_featurepermission_pkey; Type: CONSTRAINT; Schema: public; Owner: bpc
--

ALTER TABLE ONLY public.system_featurepermission
    ADD CONSTRAINT system_featurepermission_pkey PRIMARY KEY (id);


--
-- Name: system_featurepermission system_featurepermission_uid_key; Type: CONSTRAINT; Schema: public; Owner: bpc
--

ALTER TABLE ONLY public.system_featurepermission
    ADD CONSTRAINT system_featurepermission_uid_key UNIQUE (uid);


--
-- Name: system_imageversion system_imageversion_pkey; Type: CONSTRAINT; Schema: public; Owner: bpc
--

ALTER TABLE ONLY public.system_imageversion
    ADD CONSTRAINT system_imageversion_pkey PRIMARY KEY (id);


--
-- Name: system_input system_input_pkey; Type: CONSTRAINT; Schema: public; Owner: bpc
--

ALTER TABLE ONLY public.system_input
    ADD CONSTRAINT system_input_pkey PRIMARY KEY (id);


--
-- Name: system_job system_job_pkey; Type: CONSTRAINT; Schema: public; Owner: bpc
--

ALTER TABLE ONLY public.system_job
    ADD CONSTRAINT system_job_pkey PRIMARY KEY (id);


--
-- Name: system_loginlog system_loginlog_pkey; Type: CONSTRAINT; Schema: public; Owner: bpc
--

ALTER TABLE ONLY public.system_loginlog
    ADD CONSTRAINT system_loginlog_pkey PRIMARY KEY (id);


--
-- Name: system_pc_pc_groups system_pc_pc_groups_pc_id_pcgroup_id_d01b4fa4_uniq; Type: CONSTRAINT; Schema: public; Owner: bpc
--

ALTER TABLE ONLY public.system_pc_pc_groups
    ADD CONSTRAINT system_pc_pc_groups_pc_id_pcgroup_id_d01b4fa4_uniq UNIQUE (pc_id, pcgroup_id);


--
-- Name: system_pc_pc_groups system_pc_pc_groups_pkey; Type: CONSTRAINT; Schema: public; Owner: bpc
--

ALTER TABLE ONLY public.system_pc_pc_groups
    ADD CONSTRAINT system_pc_pc_groups_pkey PRIMARY KEY (id);


--
-- Name: system_pc system_pc_pkey; Type: CONSTRAINT; Schema: public; Owner: bpc
--

ALTER TABLE ONLY public.system_pc
    ADD CONSTRAINT system_pc_pkey PRIMARY KEY (id);


--
-- Name: system_pc system_pc_uid_69342cf8_uniq; Type: CONSTRAINT; Schema: public; Owner: bpc
--

ALTER TABLE ONLY public.system_pc
    ADD CONSTRAINT system_pc_uid_69342cf8_uniq UNIQUE (uid);


--
-- Name: system_pcgroup system_pcgroup_pkey; Type: CONSTRAINT; Schema: public; Owner: bpc
--

ALTER TABLE ONLY public.system_pcgroup
    ADD CONSTRAINT system_pcgroup_pkey PRIMARY KEY (id);


--
-- Name: system_pcgroup_supervisors system_pcgroup_supervisors_pcgroup_id_user_id_556fd5ab_uniq; Type: CONSTRAINT; Schema: public; Owner: bpc
--

ALTER TABLE ONLY public.system_pcgroup_supervisors
    ADD CONSTRAINT system_pcgroup_supervisors_pcgroup_id_user_id_556fd5ab_uniq UNIQUE (pcgroup_id, user_id);


--
-- Name: system_pcgroup_supervisors system_pcgroup_supervisors_pkey; Type: CONSTRAINT; Schema: public; Owner: bpc
--

ALTER TABLE ONLY public.system_pcgroup_supervisors
    ADD CONSTRAINT system_pcgroup_supervisors_pkey PRIMARY KEY (id);


--
-- Name: system_product system_product_pkey; Type: CONSTRAINT; Schema: public; Owner: bpc
--

ALTER TABLE ONLY public.system_product
    ADD CONSTRAINT system_product_pkey PRIMARY KEY (id);


--
-- Name: system_script system_script_pkey; Type: CONSTRAINT; Schema: public; Owner: bpc
--

ALTER TABLE ONLY public.system_script
    ADD CONSTRAINT system_script_pkey PRIMARY KEY (id);


--
-- Name: system_script_products system_script_products_pkey; Type: CONSTRAINT; Schema: public; Owner: bpc
--

ALTER TABLE ONLY public.system_script_products
    ADD CONSTRAINT system_script_products_pkey PRIMARY KEY (id);


--
-- Name: system_script_products system_script_products_script_id_product_id_92139982_uniq; Type: CONSTRAINT; Schema: public; Owner: bpc
--

ALTER TABLE ONLY public.system_script_products
    ADD CONSTRAINT system_script_products_script_id_product_id_92139982_uniq UNIQUE (script_id, product_id);


--
-- Name: system_script_tags system_script_tags_pkey; Type: CONSTRAINT; Schema: public; Owner: bpc
--

ALTER TABLE ONLY public.system_script_tags
    ADD CONSTRAINT system_script_tags_pkey PRIMARY KEY (id);


--
-- Name: system_script_tags system_script_tags_script_id_scripttag_id_221b7aba_uniq; Type: CONSTRAINT; Schema: public; Owner: bpc
--

ALTER TABLE ONLY public.system_script_tags
    ADD CONSTRAINT system_script_tags_script_id_scripttag_id_221b7aba_uniq UNIQUE (script_id, scripttag_id);


--
-- Name: system_script system_script_uid_key; Type: CONSTRAINT; Schema: public; Owner: bpc
--

ALTER TABLE ONLY public.system_script
    ADD CONSTRAINT system_script_uid_key UNIQUE (uid);


--
-- Name: system_scripttag system_scripttag_pkey; Type: CONSTRAINT; Schema: public; Owner: bpc
--

ALTER TABLE ONLY public.system_scripttag
    ADD CONSTRAINT system_scripttag_pkey PRIMARY KEY (id);


--
-- Name: system_securityevent system_securityevent_pkey; Type: CONSTRAINT; Schema: public; Owner: bpc
--

ALTER TABLE ONLY public.system_securityevent
    ADD CONSTRAINT system_securityevent_pkey PRIMARY KEY (id);


--
-- Name: system_securityproblem_alert_groups system_securityproblem_a_securityproblem_id_pcgro_b63e843f_uniq; Type: CONSTRAINT; Schema: public; Owner: bpc
--

ALTER TABLE ONLY public.system_securityproblem_alert_groups
    ADD CONSTRAINT system_securityproblem_a_securityproblem_id_pcgro_b63e843f_uniq UNIQUE (securityproblem_id, pcgroup_id);


--
-- Name: system_securityproblem_alert_users system_securityproblem_a_securityproblem_id_user__56a89845_uniq; Type: CONSTRAINT; Schema: public; Owner: bpc
--

ALTER TABLE ONLY public.system_securityproblem_alert_users
    ADD CONSTRAINT system_securityproblem_a_securityproblem_id_user__56a89845_uniq UNIQUE (securityproblem_id, user_id);


--
-- Name: system_securityproblem_alert_groups system_securityproblem_alert_groups_pkey; Type: CONSTRAINT; Schema: public; Owner: bpc
--

ALTER TABLE ONLY public.system_securityproblem_alert_groups
    ADD CONSTRAINT system_securityproblem_alert_groups_pkey PRIMARY KEY (id);


--
-- Name: system_securityproblem_alert_users system_securityproblem_alert_users_pkey; Type: CONSTRAINT; Schema: public; Owner: bpc
--

ALTER TABLE ONLY public.system_securityproblem_alert_users
    ADD CONSTRAINT system_securityproblem_alert_users_pkey PRIMARY KEY (id);


--
-- Name: system_securityproblem system_securityproblem_pkey; Type: CONSTRAINT; Schema: public; Owner: bpc
--

ALTER TABLE ONLY public.system_securityproblem
    ADD CONSTRAINT system_securityproblem_pkey PRIMARY KEY (id);


--
-- Name: system_site system_site_pkey; Type: CONSTRAINT; Schema: public; Owner: bpc
--

ALTER TABLE ONLY public.system_site
    ADD CONSTRAINT system_site_pkey PRIMARY KEY (id);


--
-- Name: system_site system_site_uid_key; Type: CONSTRAINT; Schema: public; Owner: bpc
--

ALTER TABLE ONLY public.system_site
    ADD CONSTRAINT system_site_uid_key UNIQUE (uid);


--
-- Name: system_wakechangeevent system_wakechangeevent_pkey; Type: CONSTRAINT; Schema: public; Owner: bpc
--

ALTER TABLE ONLY public.system_wakechangeevent
    ADD CONSTRAINT system_wakechangeevent_pkey PRIMARY KEY (id);


--
-- Name: system_wakeweekplan system_wakeweekplan_pkey; Type: CONSTRAINT; Schema: public; Owner: bpc
--

ALTER TABLE ONLY public.system_wakeweekplan
    ADD CONSTRAINT system_wakeweekplan_pkey PRIMARY KEY (id);


--
-- Name: system_wakeweekplan_wake_change_events system_wakeweekplan_wake_change_events_pkey; Type: CONSTRAINT; Schema: public; Owner: bpc
--

ALTER TABLE ONLY public.system_wakeweekplan_wake_change_events
    ADD CONSTRAINT system_wakeweekplan_wake_change_events_pkey PRIMARY KEY (id);


--
-- Name: system_wakeweekplan_wake_change_events system_wakeweekplan_wake_wakeweekplan_id_wakechan_3110c663_uniq; Type: CONSTRAINT; Schema: public; Owner: bpc
--

ALTER TABLE ONLY public.system_wakeweekplan_wake_change_events
    ADD CONSTRAINT system_wakeweekplan_wake_wakeweekplan_id_wakechan_3110c663_uniq UNIQUE (wakeweekplan_id, wakechangeevent_id);


--
-- Name: two_factor_phonedevice two_factor_phonedevice_pkey; Type: CONSTRAINT; Schema: public; Owner: bpc
--

ALTER TABLE ONLY public.two_factor_phonedevice
    ADD CONSTRAINT two_factor_phonedevice_pkey PRIMARY KEY (id);


--
-- Name: system_citizen unique_citizen_per_site; Type: CONSTRAINT; Schema: public; Owner: bpc
--

ALTER TABLE ONLY public.system_citizen
    ADD CONSTRAINT unique_citizen_per_site UNIQUE (citizen_id, site_id);


--
-- Name: system_associatedscript unique_group_position; Type: CONSTRAINT; Schema: public; Owner: bpc
--

ALTER TABLE ONLY public.system_associatedscript
    ADD CONSTRAINT unique_group_position UNIQUE ("position", group_id);


--
-- Name: system_input unique_script_position; Type: CONSTRAINT; Schema: public; Owner: bpc
--

ALTER TABLE ONLY public.system_input
    ADD CONSTRAINT unique_script_position UNIQUE ("position", script_id);


--
-- Name: account_sitemembership unique_site_user_profile; Type: CONSTRAINT; Schema: public; Owner: bpc
--

ALTER TABLE ONLY public.account_sitemembership
    ADD CONSTRAINT unique_site_user_profile UNIQUE (site_id, user_profile_id);


--
-- Name: account_sitemembership_site_id_c46df7f8; Type: INDEX; Schema: public; Owner: bpc
--

CREATE INDEX account_sitemembership_site_id_c46df7f8 ON public.account_sitemembership USING btree (site_id);


--
-- Name: account_sitemembership_user_profile_id_bf184b58; Type: INDEX; Schema: public; Owner: bpc
--

CREATE INDEX account_sitemembership_user_profile_id_bf184b58 ON public.account_sitemembership USING btree (user_profile_id);


--
-- Name: auth_group_name_a6ea08ec_like; Type: INDEX; Schema: public; Owner: bpc
--

CREATE INDEX auth_group_name_a6ea08ec_like ON public.auth_group USING btree (name varchar_pattern_ops);


--
-- Name: auth_group_permissions_group_id_b120cbf9; Type: INDEX; Schema: public; Owner: bpc
--

CREATE INDEX auth_group_permissions_group_id_b120cbf9 ON public.auth_group_permissions USING btree (group_id);


--
-- Name: auth_group_permissions_permission_id_84c5c92e; Type: INDEX; Schema: public; Owner: bpc
--

CREATE INDEX auth_group_permissions_permission_id_84c5c92e ON public.auth_group_permissions USING btree (permission_id);


--
-- Name: auth_permission_content_type_id_2f476e4b; Type: INDEX; Schema: public; Owner: bpc
--

CREATE INDEX auth_permission_content_type_id_2f476e4b ON public.auth_permission USING btree (content_type_id);


--
-- Name: auth_user_groups_group_id_97559544; Type: INDEX; Schema: public; Owner: bpc
--

CREATE INDEX auth_user_groups_group_id_97559544 ON public.auth_user_groups USING btree (group_id);


--
-- Name: auth_user_groups_user_id_6a12ed8b; Type: INDEX; Schema: public; Owner: bpc
--

CREATE INDEX auth_user_groups_user_id_6a12ed8b ON public.auth_user_groups USING btree (user_id);


--
-- Name: auth_user_user_permissions_permission_id_1fbb5f2c; Type: INDEX; Schema: public; Owner: bpc
--

CREATE INDEX auth_user_user_permissions_permission_id_1fbb5f2c ON public.auth_user_user_permissions USING btree (permission_id);


--
-- Name: auth_user_user_permissions_user_id_a95ead1b; Type: INDEX; Schema: public; Owner: bpc
--

CREATE INDEX auth_user_user_permissions_user_id_a95ead1b ON public.auth_user_user_permissions USING btree (user_id);


--
-- Name: auth_user_username_6821ab7c_like; Type: INDEX; Schema: public; Owner: bpc
--

CREATE INDEX auth_user_username_6821ab7c_like ON public.auth_user USING btree (username varchar_pattern_ops);


--
-- Name: changelog_changelog_tags_changelog_id_019291e9; Type: INDEX; Schema: public; Owner: bpc
--

CREATE INDEX changelog_changelog_tags_changelog_id_019291e9 ON public.changelog_changelog_tags USING btree (changelog_id);


--
-- Name: changelog_changelog_tags_changelogtag_id_122b8ca8; Type: INDEX; Schema: public; Owner: bpc
--

CREATE INDEX changelog_changelog_tags_changelogtag_id_122b8ca8 ON public.changelog_changelog_tags USING btree (changelogtag_id);


--
-- Name: changelog_changelogcomment_changelog_id_52960535; Type: INDEX; Schema: public; Owner: bpc
--

CREATE INDEX changelog_changelogcomment_changelog_id_52960535 ON public.changelog_changelogcomment USING btree (changelog_id);


--
-- Name: changelog_changelogcomment_parent_comment_id_577bde6d; Type: INDEX; Schema: public; Owner: bpc
--

CREATE INDEX changelog_changelogcomment_parent_comment_id_577bde6d ON public.changelog_changelogcomment USING btree (parent_comment_id);


--
-- Name: changelog_changelogcomment_user_id_040f3d66; Type: INDEX; Schema: public; Owner: bpc
--

CREATE INDEX changelog_changelogcomment_user_id_040f3d66 ON public.changelog_changelogcomment USING btree (user_id);


--
-- Name: django_admin_log_content_type_id_c4bce8eb; Type: INDEX; Schema: public; Owner: bpc
--

CREATE INDEX django_admin_log_content_type_id_c4bce8eb ON public.django_admin_log USING btree (content_type_id);


--
-- Name: django_admin_log_user_id_c564eba6; Type: INDEX; Schema: public; Owner: bpc
--

CREATE INDEX django_admin_log_user_id_c564eba6 ON public.django_admin_log USING btree (user_id);


--
-- Name: django_session_expire_date_a5c62663; Type: INDEX; Schema: public; Owner: bpc
--

CREATE INDEX django_session_expire_date_a5c62663 ON public.django_session USING btree (expire_date);


--
-- Name: django_session_session_key_c0390e0f_like; Type: INDEX; Schema: public; Owner: bpc
--

CREATE INDEX django_session_session_key_c0390e0f_like ON public.django_session USING btree (session_key varchar_pattern_ops);


--
-- Name: django_site_domain_a2e37b91_like; Type: INDEX; Schema: public; Owner: bpc
--

CREATE INDEX django_site_domain_a2e37b91_like ON public.django_site USING btree (domain varchar_pattern_ops);


--
-- Name: otp_static_staticdevice_user_id_7f9cff2b; Type: INDEX; Schema: public; Owner: bpc
--

CREATE INDEX otp_static_staticdevice_user_id_7f9cff2b ON public.otp_static_staticdevice USING btree (user_id);


--
-- Name: otp_static_statictoken_device_id_74b7c7d1; Type: INDEX; Schema: public; Owner: bpc
--

CREATE INDEX otp_static_statictoken_device_id_74b7c7d1 ON public.otp_static_statictoken USING btree (device_id);


--
-- Name: otp_static_statictoken_token_d0a51866; Type: INDEX; Schema: public; Owner: bpc
--

CREATE INDEX otp_static_statictoken_token_d0a51866 ON public.otp_static_statictoken USING btree (token);


--
-- Name: otp_static_statictoken_token_d0a51866_like; Type: INDEX; Schema: public; Owner: bpc
--

CREATE INDEX otp_static_statictoken_token_d0a51866_like ON public.otp_static_statictoken USING btree (token varchar_pattern_ops);


--
-- Name: otp_totp_totpdevice_user_id_0fb18292; Type: INDEX; Schema: public; Owner: bpc
--

CREATE INDEX otp_totp_totpdevice_user_id_0fb18292 ON public.otp_totp_totpdevice USING btree (user_id);


--
-- Name: system_apikey_key_039291b2_like; Type: INDEX; Schema: public; Owner: bpc
--

CREATE INDEX system_apikey_key_039291b2_like ON public.system_apikey USING btree (key varchar_pattern_ops);


--
-- Name: system_apikey_site_id_b0cdb5e5; Type: INDEX; Schema: public; Owner: bpc
--

CREATE INDEX system_apikey_site_id_b0cdb5e5 ON public.system_apikey USING btree (site_id);


--
-- Name: system_associatedscript_group_id_6c21ab2b; Type: INDEX; Schema: public; Owner: bpc
--

CREATE INDEX system_associatedscript_group_id_6c21ab2b ON public.system_associatedscript USING btree (group_id);


--
-- Name: system_associatedscript_script_id_dc532057; Type: INDEX; Schema: public; Owner: bpc
--

CREATE INDEX system_associatedscript_script_id_dc532057 ON public.system_associatedscript USING btree (script_id);


--
-- Name: system_associatedscriptparameter_input_id_337db967; Type: INDEX; Schema: public; Owner: bpc
--

CREATE INDEX system_associatedscriptparameter_input_id_337db967 ON public.system_associatedscriptparameter USING btree (input_id);


--
-- Name: system_associatedscriptparameter_script_id_2fb1704a; Type: INDEX; Schema: public; Owner: bpc
--

CREATE INDEX system_associatedscriptparameter_script_id_2fb1704a ON public.system_associatedscriptparameter USING btree (associated_script_id);


--
-- Name: system_batch_script_id_f14f84c8; Type: INDEX; Schema: public; Owner: bpc
--

CREATE INDEX system_batch_script_id_f14f84c8 ON public.system_batch USING btree (script_id);


--
-- Name: system_batch_site_id_d7187f7b; Type: INDEX; Schema: public; Owner: bpc
--

CREATE INDEX system_batch_site_id_d7187f7b ON public.system_batch USING btree (site_id);


--
-- Name: system_batchparameter_batch_id_7a5cdf66; Type: INDEX; Schema: public; Owner: bpc
--

CREATE INDEX system_batchparameter_batch_id_7a5cdf66 ON public.system_batchparameter USING btree (batch_id);


--
-- Name: system_batchparameter_input_id_c360f5a9; Type: INDEX; Schema: public; Owner: bpc
--

CREATE INDEX system_batchparameter_input_id_c360f5a9 ON public.system_batchparameter USING btree (input_id);


--
-- Name: system_citizenlogin_citizen_id_6faf4441_like; Type: INDEX; Schema: public; Owner: bpc
--

CREATE INDEX system_citizenlogin_citizen_id_6faf4441_like ON public.system_citizen USING btree (citizen_id varchar_pattern_ops);


--
-- Name: system_citizenlogin_site_id_1f4f564a; Type: INDEX; Schema: public; Owner: bpc
--

CREATE INDEX system_citizenlogin_site_id_1f4f564a ON public.system_citizen USING btree (site_id);


--
-- Name: system_configuration_name_884d1965_like; Type: INDEX; Schema: public; Owner: bpc
--

CREATE INDEX system_configuration_name_884d1965_like ON public.system_configuration USING btree (name varchar_pattern_ops);


--
-- Name: system_configurationentry_owner_configuration_id_07484d7b; Type: INDEX; Schema: public; Owner: bpc
--

CREATE INDEX system_configurationentry_owner_configuration_id_07484d7b ON public.system_configurationentry USING btree (owner_configuration_id);


--
-- Name: system_customer_country_id_398165e6; Type: INDEX; Schema: public; Owner: bpc
--

CREATE INDEX system_customer_country_id_398165e6 ON public.system_customer USING btree (country_id);


--
-- Name: system_eventruleserver_alert_groups_eventruleserver_id_bdbba2c8; Type: INDEX; Schema: public; Owner: bpc
--

CREATE INDEX system_eventruleserver_alert_groups_eventruleserver_id_bdbba2c8 ON public.system_eventruleserver_alert_groups USING btree (eventruleserver_id);


--
-- Name: system_eventruleserver_alert_groups_pcgroup_id_377f4c0e; Type: INDEX; Schema: public; Owner: bpc
--

CREATE INDEX system_eventruleserver_alert_groups_pcgroup_id_377f4c0e ON public.system_eventruleserver_alert_groups USING btree (pcgroup_id);


--
-- Name: system_eventruleserver_alert_users_eventruleserver_id_102b35f2; Type: INDEX; Schema: public; Owner: bpc
--

CREATE INDEX system_eventruleserver_alert_users_eventruleserver_id_102b35f2 ON public.system_eventruleserver_alert_users USING btree (eventruleserver_id);


--
-- Name: system_eventruleserver_alert_users_user_id_2d11b2ad; Type: INDEX; Schema: public; Owner: bpc
--

CREATE INDEX system_eventruleserver_alert_users_user_id_2d11b2ad ON public.system_eventruleserver_alert_users USING btree (user_id);


--
-- Name: system_eventruleserver_site_id_6239305c; Type: INDEX; Schema: public; Owner: bpc
--

CREATE INDEX system_eventruleserver_site_id_6239305c ON public.system_eventruleserver USING btree (site_id);


--
-- Name: system_featurepermission_c_featurepermission_id_2c8d0175; Type: INDEX; Schema: public; Owner: bpc
--

CREATE INDEX system_featurepermission_c_featurepermission_id_2c8d0175 ON public.system_featurepermission_customers USING btree (featurepermission_id);


--
-- Name: system_featurepermission_customers_customer_id_b652adf6; Type: INDEX; Schema: public; Owner: bpc
--

CREATE INDEX system_featurepermission_customers_customer_id_b652adf6 ON public.system_featurepermission_customers USING btree (customer_id);


--
-- Name: system_featurepermission_uid_729309e0_like; Type: INDEX; Schema: public; Owner: bpc
--

CREATE INDEX system_featurepermission_uid_729309e0_like ON public.system_featurepermission USING btree (uid varchar_pattern_ops);


--
-- Name: system_imageversion_img_vers_5ed45d6e_like; Type: INDEX; Schema: public; Owner: bpc
--

CREATE INDEX system_imageversion_img_vers_5ed45d6e_like ON public.system_imageversion USING btree (image_version varchar_pattern_ops);


--
-- Name: system_imageversion_product_id_58d4414c; Type: INDEX; Schema: public; Owner: bpc
--

CREATE INDEX system_imageversion_product_id_58d4414c ON public.system_imageversion USING btree (product_id);


--
-- Name: system_input_script_id_2c63c522; Type: INDEX; Schema: public; Owner: bpc
--

CREATE INDEX system_input_script_id_2c63c522 ON public.system_input USING btree (script_id);


--
-- Name: system_job_batch_id_7adce58b; Type: INDEX; Schema: public; Owner: bpc
--

CREATE INDEX system_job_batch_id_7adce58b ON public.system_job USING btree (batch_id);


--
-- Name: system_job_pc_id_e2181a65; Type: INDEX; Schema: public; Owner: bpc
--

CREATE INDEX system_job_pc_id_e2181a65 ON public.system_job USING btree (pc_id);


--
-- Name: system_job_user_id_be2d8b14; Type: INDEX; Schema: public; Owner: bpc
--

CREATE INDEX system_job_user_id_be2d8b14 ON public.system_job USING btree (user_id);


--
-- Name: system_loginlog_site_id_d79acef3; Type: INDEX; Schema: public; Owner: bpc
--

CREATE INDEX system_loginlog_site_id_d79acef3 ON public.system_loginlog USING btree (site_id);


--
-- Name: system_pc_configuration_id_f81b8e88; Type: INDEX; Schema: public; Owner: bpc
--

CREATE INDEX system_pc_configuration_id_f81b8e88 ON public.system_pc USING btree (configuration_id);


--
-- Name: system_pc_pc_groups_pc_id_45558970; Type: INDEX; Schema: public; Owner: bpc
--

CREATE INDEX system_pc_pc_groups_pc_id_45558970 ON public.system_pc_pc_groups USING btree (pc_id);


--
-- Name: system_pc_pc_groups_pcgroup_id_e50eca1a; Type: INDEX; Schema: public; Owner: bpc
--

CREATE INDEX system_pc_pc_groups_pcgroup_id_e50eca1a ON public.system_pc_pc_groups USING btree (pcgroup_id);


--
-- Name: system_pc_site_id_05aa0a2f; Type: INDEX; Schema: public; Owner: bpc
--

CREATE INDEX system_pc_site_id_05aa0a2f ON public.system_pc USING btree (site_id);


--
-- Name: system_pc_uid_69342cf8_like; Type: INDEX; Schema: public; Owner: bpc
--

CREATE INDEX system_pc_uid_69342cf8_like ON public.system_pc USING btree (uid varchar_pattern_ops);


--
-- Name: system_pcgroup_configuration_id_8a1921da; Type: INDEX; Schema: public; Owner: bpc
--

CREATE INDEX system_pcgroup_configuration_id_8a1921da ON public.system_pcgroup USING btree (configuration_id);


--
-- Name: system_pcgroup_site_id_a52665f8; Type: INDEX; Schema: public; Owner: bpc
--

CREATE INDEX system_pcgroup_site_id_a52665f8 ON public.system_pcgroup USING btree (site_id);


--
-- Name: system_pcgroup_supervisors_pcgroup_id_807839cc; Type: INDEX; Schema: public; Owner: bpc
--

CREATE INDEX system_pcgroup_supervisors_pcgroup_id_807839cc ON public.system_pcgroup_supervisors USING btree (pcgroup_id);


--
-- Name: system_pcgroup_supervisors_user_id_184b20de; Type: INDEX; Schema: public; Owner: bpc
--

CREATE INDEX system_pcgroup_supervisors_user_id_184b20de ON public.system_pcgroup_supervisors USING btree (user_id);


--
-- Name: system_pcgroup_wake_week_plan_id_aae27c9f; Type: INDEX; Schema: public; Owner: bpc
--

CREATE INDEX system_pcgroup_wake_week_plan_id_aae27c9f ON public.system_pcgroup USING btree (wake_week_plan_id);


--
-- Name: system_script_feature_permission_id_19cee479; Type: INDEX; Schema: public; Owner: bpc
--

CREATE INDEX system_script_feature_permission_id_19cee479 ON public.system_script USING btree (feature_permission_id);


--
-- Name: system_script_products_product_id_27a3882c; Type: INDEX; Schema: public; Owner: bpc
--

CREATE INDEX system_script_products_product_id_27a3882c ON public.system_script_products USING btree (product_id);


--
-- Name: system_script_products_script_id_cb5ca005; Type: INDEX; Schema: public; Owner: bpc
--

CREATE INDEX system_script_products_script_id_cb5ca005 ON public.system_script_products USING btree (script_id);


--
-- Name: system_script_site_id_c6488e7d; Type: INDEX; Schema: public; Owner: bpc
--

CREATE INDEX system_script_site_id_c6488e7d ON public.system_script USING btree (site_id);


--
-- Name: system_script_tags_script_id_18cffc87; Type: INDEX; Schema: public; Owner: bpc
--

CREATE INDEX system_script_tags_script_id_18cffc87 ON public.system_script_tags USING btree (script_id);


--
-- Name: system_script_tags_scripttag_id_367ecfd3; Type: INDEX; Schema: public; Owner: bpc
--

CREATE INDEX system_script_tags_scripttag_id_367ecfd3 ON public.system_script_tags USING btree (scripttag_id);


--
-- Name: system_script_uid_f826c4c5_like; Type: INDEX; Schema: public; Owner: bpc
--

CREATE INDEX system_script_uid_f826c4c5_like ON public.system_script USING btree (uid varchar_pattern_ops);


--
-- Name: system_securityevent_assigned_user_id_7e6d5313; Type: INDEX; Schema: public; Owner: bpc
--

CREATE INDEX system_securityevent_assigned_user_id_7e6d5313 ON public.system_securityevent USING btree (assigned_user_id);


--
-- Name: system_securityevent_event_rule_server_id_f39414eb; Type: INDEX; Schema: public; Owner: bpc
--

CREATE INDEX system_securityevent_event_rule_server_id_f39414eb ON public.system_securityevent USING btree (event_rule_server_id);


--
-- Name: system_securityevent_pc_id_6c5d39e2; Type: INDEX; Schema: public; Owner: bpc
--

CREATE INDEX system_securityevent_pc_id_6c5d39e2 ON public.system_securityevent USING btree (pc_id);


--
-- Name: system_securityevent_problem_id_c2821531; Type: INDEX; Schema: public; Owner: bpc
--

CREATE INDEX system_securityevent_problem_id_c2821531 ON public.system_securityevent USING btree (problem_id);


--
-- Name: system_securityproblem_alert_groups_pcgroup_id_33ec9724; Type: INDEX; Schema: public; Owner: bpc
--

CREATE INDEX system_securityproblem_alert_groups_pcgroup_id_33ec9724 ON public.system_securityproblem_alert_groups USING btree (pcgroup_id);


--
-- Name: system_securityproblem_alert_groups_securityproblem_id_548a48ce; Type: INDEX; Schema: public; Owner: bpc
--

CREATE INDEX system_securityproblem_alert_groups_securityproblem_id_548a48ce ON public.system_securityproblem_alert_groups USING btree (securityproblem_id);


--
-- Name: system_securityproblem_alert_users_securityproblem_id_e3ce73c3; Type: INDEX; Schema: public; Owner: bpc
--

CREATE INDEX system_securityproblem_alert_users_securityproblem_id_e3ce73c3 ON public.system_securityproblem_alert_users USING btree (securityproblem_id);


--
-- Name: system_securityproblem_alert_users_user_id_940d2402; Type: INDEX; Schema: public; Owner: bpc
--

CREATE INDEX system_securityproblem_alert_users_user_id_940d2402 ON public.system_securityproblem_alert_users USING btree (user_id);


--
-- Name: system_securityproblem_script_id_8e6bd7f7; Type: INDEX; Schema: public; Owner: bpc
--

CREATE INDEX system_securityproblem_script_id_8e6bd7f7 ON public.system_securityproblem USING btree (security_script_id);


--
-- Name: system_securityproblem_site_id_17399da9; Type: INDEX; Schema: public; Owner: bpc
--

CREATE INDEX system_securityproblem_site_id_17399da9 ON public.system_securityproblem USING btree (site_id);


--
-- Name: system_site_configuration_id_6ef73dce; Type: INDEX; Schema: public; Owner: bpc
--

CREATE INDEX system_site_configuration_id_6ef73dce ON public.system_site USING btree (configuration_id);


--
-- Name: system_site_customer_id_22a7f1c6; Type: INDEX; Schema: public; Owner: bpc
--

CREATE INDEX system_site_customer_id_22a7f1c6 ON public.system_site USING btree (customer_id);


--
-- Name: system_site_uid_96d362e0_like; Type: INDEX; Schema: public; Owner: bpc
--

CREATE INDEX system_site_uid_96d362e0_like ON public.system_site USING btree (uid varchar_pattern_ops);


--
-- Name: system_wakechangeevent_site_id_dc952d15; Type: INDEX; Schema: public; Owner: bpc
--

CREATE INDEX system_wakechangeevent_site_id_dc952d15 ON public.system_wakechangeevent USING btree (site_id);


--
-- Name: system_wakeweekplan_site_id_13a7a3c4; Type: INDEX; Schema: public; Owner: bpc
--

CREATE INDEX system_wakeweekplan_site_id_13a7a3c4 ON public.system_wakeweekplan USING btree (site_id);


--
-- Name: system_wakeweekplan_wake_c_wakechangeevent_id_5fada730; Type: INDEX; Schema: public; Owner: bpc
--

CREATE INDEX system_wakeweekplan_wake_c_wakechangeevent_id_5fada730 ON public.system_wakeweekplan_wake_change_events USING btree (wakechangeevent_id);


--
-- Name: system_wakeweekplan_wake_change_events_wakeweekplan_id_0130a93f; Type: INDEX; Schema: public; Owner: bpc
--

CREATE INDEX system_wakeweekplan_wake_change_events_wakeweekplan_id_0130a93f ON public.system_wakeweekplan_wake_change_events USING btree (wakeweekplan_id);


--
-- Name: two_factor_phonedevice_user_id_54718003; Type: INDEX; Schema: public; Owner: bpc
--

CREATE INDEX two_factor_phonedevice_user_id_54718003 ON public.two_factor_phonedevice USING btree (user_id);


--
-- Name: account_sitemembership account_sitemembersh_user_profile_id_bf184b58_fk_account_u; Type: FK CONSTRAINT; Schema: public; Owner: bpc
--

ALTER TABLE ONLY public.account_sitemembership
    ADD CONSTRAINT account_sitemembersh_user_profile_id_bf184b58_fk_account_u FOREIGN KEY (user_profile_id) REFERENCES public.account_userprofile(id) DEFERRABLE INITIALLY DEFERRED;


--
-- Name: account_sitemembership account_sitemembership_site_id_c46df7f8_fk_system_site_id; Type: FK CONSTRAINT; Schema: public; Owner: bpc
--

ALTER TABLE ONLY public.account_sitemembership
    ADD CONSTRAINT account_sitemembership_site_id_c46df7f8_fk_system_site_id FOREIGN KEY (site_id) REFERENCES public.system_site(id) DEFERRABLE INITIALLY DEFERRED;


--
-- Name: account_userprofile account_userprofile_user_id_5afa3c7a_fk_auth_user_id; Type: FK CONSTRAINT; Schema: public; Owner: bpc
--

ALTER TABLE ONLY public.account_userprofile
    ADD CONSTRAINT account_userprofile_user_id_5afa3c7a_fk_auth_user_id FOREIGN KEY (user_id) REFERENCES public.auth_user(id) DEFERRABLE INITIALLY DEFERRED;


--
-- Name: auth_group_permissions auth_group_permissio_permission_id_84c5c92e_fk_auth_perm; Type: FK CONSTRAINT; Schema: public; Owner: bpc
--

ALTER TABLE ONLY public.auth_group_permissions
    ADD CONSTRAINT auth_group_permissio_permission_id_84c5c92e_fk_auth_perm FOREIGN KEY (permission_id) REFERENCES public.auth_permission(id) DEFERRABLE INITIALLY DEFERRED;


--
-- Name: auth_group_permissions auth_group_permissions_group_id_b120cbf9_fk_auth_group_id; Type: FK CONSTRAINT; Schema: public; Owner: bpc
--

ALTER TABLE ONLY public.auth_group_permissions
    ADD CONSTRAINT auth_group_permissions_group_id_b120cbf9_fk_auth_group_id FOREIGN KEY (group_id) REFERENCES public.auth_group(id) DEFERRABLE INITIALLY DEFERRED;


--
-- Name: auth_permission auth_permission_content_type_id_2f476e4b_fk_django_co; Type: FK CONSTRAINT; Schema: public; Owner: bpc
--

ALTER TABLE ONLY public.auth_permission
    ADD CONSTRAINT auth_permission_content_type_id_2f476e4b_fk_django_co FOREIGN KEY (content_type_id) REFERENCES public.django_content_type(id) DEFERRABLE INITIALLY DEFERRED;


--
-- Name: auth_user_groups auth_user_groups_group_id_97559544_fk_auth_group_id; Type: FK CONSTRAINT; Schema: public; Owner: bpc
--

ALTER TABLE ONLY public.auth_user_groups
    ADD CONSTRAINT auth_user_groups_group_id_97559544_fk_auth_group_id FOREIGN KEY (group_id) REFERENCES public.auth_group(id) DEFERRABLE INITIALLY DEFERRED;


--
-- Name: auth_user_groups auth_user_groups_user_id_6a12ed8b_fk_auth_user_id; Type: FK CONSTRAINT; Schema: public; Owner: bpc
--

ALTER TABLE ONLY public.auth_user_groups
    ADD CONSTRAINT auth_user_groups_user_id_6a12ed8b_fk_auth_user_id FOREIGN KEY (user_id) REFERENCES public.auth_user(id) DEFERRABLE INITIALLY DEFERRED;


--
-- Name: auth_user_user_permissions auth_user_user_permi_permission_id_1fbb5f2c_fk_auth_perm; Type: FK CONSTRAINT; Schema: public; Owner: bpc
--

ALTER TABLE ONLY public.auth_user_user_permissions
    ADD CONSTRAINT auth_user_user_permi_permission_id_1fbb5f2c_fk_auth_perm FOREIGN KEY (permission_id) REFERENCES public.auth_permission(id) DEFERRABLE INITIALLY DEFERRED;


--
-- Name: auth_user_user_permissions auth_user_user_permissions_user_id_a95ead1b_fk_auth_user_id; Type: FK CONSTRAINT; Schema: public; Owner: bpc
--

ALTER TABLE ONLY public.auth_user_user_permissions
    ADD CONSTRAINT auth_user_user_permissions_user_id_a95ead1b_fk_auth_user_id FOREIGN KEY (user_id) REFERENCES public.auth_user(id) DEFERRABLE INITIALLY DEFERRED;


--
-- Name: changelog_changelog_tags changelog_changelog__changelog_id_019291e9_fk_changelog; Type: FK CONSTRAINT; Schema: public; Owner: bpc
--

ALTER TABLE ONLY public.changelog_changelog_tags
    ADD CONSTRAINT changelog_changelog__changelog_id_019291e9_fk_changelog FOREIGN KEY (changelog_id) REFERENCES public.changelog_changelog(id) DEFERRABLE INITIALLY DEFERRED;


--
-- Name: changelog_changelog_tags changelog_changelog__changelogtag_id_122b8ca8_fk_changelog; Type: FK CONSTRAINT; Schema: public; Owner: bpc
--

ALTER TABLE ONLY public.changelog_changelog_tags
    ADD CONSTRAINT changelog_changelog__changelogtag_id_122b8ca8_fk_changelog FOREIGN KEY (changelogtag_id) REFERENCES public.changelog_changelogtag(id) DEFERRABLE INITIALLY DEFERRED;


--
-- Name: changelog_changelogcomment changelog_changelogc_changelog_id_52960535_fk_changelog; Type: FK CONSTRAINT; Schema: public; Owner: bpc
--

ALTER TABLE ONLY public.changelog_changelogcomment
    ADD CONSTRAINT changelog_changelogc_changelog_id_52960535_fk_changelog FOREIGN KEY (changelog_id) REFERENCES public.changelog_changelog(id) DEFERRABLE INITIALLY DEFERRED;


--
-- Name: changelog_changelogcomment changelog_changelogc_parent_comment_id_577bde6d_fk_changelog; Type: FK CONSTRAINT; Schema: public; Owner: bpc
--

ALTER TABLE ONLY public.changelog_changelogcomment
    ADD CONSTRAINT changelog_changelogc_parent_comment_id_577bde6d_fk_changelog FOREIGN KEY (parent_comment_id) REFERENCES public.changelog_changelogcomment(id) DEFERRABLE INITIALLY DEFERRED;


--
-- Name: changelog_changelogcomment changelog_changelogcomment_user_id_040f3d66_fk_auth_user_id; Type: FK CONSTRAINT; Schema: public; Owner: bpc
--

ALTER TABLE ONLY public.changelog_changelogcomment
    ADD CONSTRAINT changelog_changelogcomment_user_id_040f3d66_fk_auth_user_id FOREIGN KEY (user_id) REFERENCES public.auth_user(id) DEFERRABLE INITIALLY DEFERRED;


--
-- Name: django_admin_log django_admin_log_content_type_id_c4bce8eb_fk_django_co; Type: FK CONSTRAINT; Schema: public; Owner: bpc
--

ALTER TABLE ONLY public.django_admin_log
    ADD CONSTRAINT django_admin_log_content_type_id_c4bce8eb_fk_django_co FOREIGN KEY (content_type_id) REFERENCES public.django_content_type(id) DEFERRABLE INITIALLY DEFERRED;


--
-- Name: django_admin_log django_admin_log_user_id_c564eba6_fk_auth_user_id; Type: FK CONSTRAINT; Schema: public; Owner: bpc
--

ALTER TABLE ONLY public.django_admin_log
    ADD CONSTRAINT django_admin_log_user_id_c564eba6_fk_auth_user_id FOREIGN KEY (user_id) REFERENCES public.auth_user(id) DEFERRABLE INITIALLY DEFERRED;


--
-- Name: otp_static_staticdevice otp_static_staticdevice_user_id_7f9cff2b_fk_auth_user_id; Type: FK CONSTRAINT; Schema: public; Owner: bpc
--

ALTER TABLE ONLY public.otp_static_staticdevice
    ADD CONSTRAINT otp_static_staticdevice_user_id_7f9cff2b_fk_auth_user_id FOREIGN KEY (user_id) REFERENCES public.auth_user(id) DEFERRABLE INITIALLY DEFERRED;


--
-- Name: otp_static_statictoken otp_static_statictok_device_id_74b7c7d1_fk_otp_stati; Type: FK CONSTRAINT; Schema: public; Owner: bpc
--

ALTER TABLE ONLY public.otp_static_statictoken
    ADD CONSTRAINT otp_static_statictok_device_id_74b7c7d1_fk_otp_stati FOREIGN KEY (device_id) REFERENCES public.otp_static_staticdevice(id) DEFERRABLE INITIALLY DEFERRED;


--
-- Name: otp_totp_totpdevice otp_totp_totpdevice_user_id_0fb18292_fk_auth_user_id; Type: FK CONSTRAINT; Schema: public; Owner: bpc
--

ALTER TABLE ONLY public.otp_totp_totpdevice
    ADD CONSTRAINT otp_totp_totpdevice_user_id_0fb18292_fk_auth_user_id FOREIGN KEY (user_id) REFERENCES public.auth_user(id) DEFERRABLE INITIALLY DEFERRED;


--
-- Name: system_apikey system_apikey_site_id_b0cdb5e5_fk_system_site_id; Type: FK CONSTRAINT; Schema: public; Owner: bpc
--

ALTER TABLE ONLY public.system_apikey
    ADD CONSTRAINT system_apikey_site_id_b0cdb5e5_fk_system_site_id FOREIGN KEY (site_id) REFERENCES public.system_site(id) DEFERRABLE INITIALLY DEFERRED;


--
-- Name: system_associatedscriptparameter system_associatedscr_associated_script_id_2864ca0c_fk_system_as; Type: FK CONSTRAINT; Schema: public; Owner: bpc
--

ALTER TABLE ONLY public.system_associatedscriptparameter
    ADD CONSTRAINT system_associatedscr_associated_script_id_2864ca0c_fk_system_as FOREIGN KEY (associated_script_id) REFERENCES public.system_associatedscript(id) DEFERRABLE INITIALLY DEFERRED;


--
-- Name: system_associatedscriptparameter system_associatedscr_input_id_337db967_fk_system_in; Type: FK CONSTRAINT; Schema: public; Owner: bpc
--

ALTER TABLE ONLY public.system_associatedscriptparameter
    ADD CONSTRAINT system_associatedscr_input_id_337db967_fk_system_in FOREIGN KEY (input_id) REFERENCES public.system_input(id) DEFERRABLE INITIALLY DEFERRED;


--
-- Name: system_associatedscript system_associatedscript_group_id_6c21ab2b_fk_system_pcgroup_id; Type: FK CONSTRAINT; Schema: public; Owner: bpc
--

ALTER TABLE ONLY public.system_associatedscript
    ADD CONSTRAINT system_associatedscript_group_id_6c21ab2b_fk_system_pcgroup_id FOREIGN KEY (group_id) REFERENCES public.system_pcgroup(id) DEFERRABLE INITIALLY DEFERRED;


--
-- Name: system_associatedscript system_associatedscript_script_id_dc532057_fk_system_script_id; Type: FK CONSTRAINT; Schema: public; Owner: bpc
--

ALTER TABLE ONLY public.system_associatedscript
    ADD CONSTRAINT system_associatedscript_script_id_dc532057_fk_system_script_id FOREIGN KEY (script_id) REFERENCES public.system_script(id) DEFERRABLE INITIALLY DEFERRED;


--
-- Name: system_batch system_batch_script_id_f14f84c8_fk_system_script_id; Type: FK CONSTRAINT; Schema: public; Owner: bpc
--

ALTER TABLE ONLY public.system_batch
    ADD CONSTRAINT system_batch_script_id_f14f84c8_fk_system_script_id FOREIGN KEY (script_id) REFERENCES public.system_script(id) DEFERRABLE INITIALLY DEFERRED;


--
-- Name: system_batch system_batch_site_id_d7187f7b_fk_system_site_id; Type: FK CONSTRAINT; Schema: public; Owner: bpc
--

ALTER TABLE ONLY public.system_batch
    ADD CONSTRAINT system_batch_site_id_d7187f7b_fk_system_site_id FOREIGN KEY (site_id) REFERENCES public.system_site(id) DEFERRABLE INITIALLY DEFERRED;


--
-- Name: system_batchparameter system_batchparameter_batch_id_7a5cdf66_fk_system_batch_id; Type: FK CONSTRAINT; Schema: public; Owner: bpc
--

ALTER TABLE ONLY public.system_batchparameter
    ADD CONSTRAINT system_batchparameter_batch_id_7a5cdf66_fk_system_batch_id FOREIGN KEY (batch_id) REFERENCES public.system_batch(id) DEFERRABLE INITIALLY DEFERRED;


--
-- Name: system_batchparameter system_batchparameter_input_id_c360f5a9_fk_system_input_id; Type: FK CONSTRAINT; Schema: public; Owner: bpc
--

ALTER TABLE ONLY public.system_batchparameter
    ADD CONSTRAINT system_batchparameter_input_id_c360f5a9_fk_system_input_id FOREIGN KEY (input_id) REFERENCES public.system_input(id) DEFERRABLE INITIALLY DEFERRED;


--
-- Name: system_citizen system_citizenlogin_site_id_1f4f564a_fk_system_site_id; Type: FK CONSTRAINT; Schema: public; Owner: bpc
--

ALTER TABLE ONLY public.system_citizen
    ADD CONSTRAINT system_citizenlogin_site_id_1f4f564a_fk_system_site_id FOREIGN KEY (site_id) REFERENCES public.system_site(id) DEFERRABLE INITIALLY DEFERRED;


--
-- Name: system_configurationentry system_configuration_owner_configuration__07484d7b_fk_system_co; Type: FK CONSTRAINT; Schema: public; Owner: bpc
--

ALTER TABLE ONLY public.system_configurationentry
    ADD CONSTRAINT system_configuration_owner_configuration__07484d7b_fk_system_co FOREIGN KEY (owner_configuration_id) REFERENCES public.system_configuration(id) DEFERRABLE INITIALLY DEFERRED;


--
-- Name: system_customer system_customer_country_id_398165e6_fk_system_country_id; Type: FK CONSTRAINT; Schema: public; Owner: bpc
--

ALTER TABLE ONLY public.system_customer
    ADD CONSTRAINT system_customer_country_id_398165e6_fk_system_country_id FOREIGN KEY (country_id) REFERENCES public.system_country(id) DEFERRABLE INITIALLY DEFERRED;


--
-- Name: system_eventruleserver_alert_users system_eventruleserv_eventruleserver_id_102b35f2_fk_system_ev; Type: FK CONSTRAINT; Schema: public; Owner: bpc
--

ALTER TABLE ONLY public.system_eventruleserver_alert_users
    ADD CONSTRAINT system_eventruleserv_eventruleserver_id_102b35f2_fk_system_ev FOREIGN KEY (eventruleserver_id) REFERENCES public.system_eventruleserver(id) DEFERRABLE INITIALLY DEFERRED;


--
-- Name: system_eventruleserver_alert_groups system_eventruleserv_eventruleserver_id_bdbba2c8_fk_system_ev; Type: FK CONSTRAINT; Schema: public; Owner: bpc
--

ALTER TABLE ONLY public.system_eventruleserver_alert_groups
    ADD CONSTRAINT system_eventruleserv_eventruleserver_id_bdbba2c8_fk_system_ev FOREIGN KEY (eventruleserver_id) REFERENCES public.system_eventruleserver(id) DEFERRABLE INITIALLY DEFERRED;


--
-- Name: system_eventruleserver_alert_groups system_eventruleserv_pcgroup_id_377f4c0e_fk_system_pc; Type: FK CONSTRAINT; Schema: public; Owner: bpc
--

ALTER TABLE ONLY public.system_eventruleserver_alert_groups
    ADD CONSTRAINT system_eventruleserv_pcgroup_id_377f4c0e_fk_system_pc FOREIGN KEY (pcgroup_id) REFERENCES public.system_pcgroup(id) DEFERRABLE INITIALLY DEFERRED;


--
-- Name: system_eventruleserver_alert_users system_eventruleserv_user_id_2d11b2ad_fk_auth_user; Type: FK CONSTRAINT; Schema: public; Owner: bpc
--

ALTER TABLE ONLY public.system_eventruleserver_alert_users
    ADD CONSTRAINT system_eventruleserv_user_id_2d11b2ad_fk_auth_user FOREIGN KEY (user_id) REFERENCES public.auth_user(id) DEFERRABLE INITIALLY DEFERRED;


--
-- Name: system_eventruleserver system_eventruleserver_site_id_6239305c_fk_system_site_id; Type: FK CONSTRAINT; Schema: public; Owner: bpc
--

ALTER TABLE ONLY public.system_eventruleserver
    ADD CONSTRAINT system_eventruleserver_site_id_6239305c_fk_system_site_id FOREIGN KEY (site_id) REFERENCES public.system_site(id) DEFERRABLE INITIALLY DEFERRED;


--
-- Name: system_featurepermission_customers system_featurepermis_customer_id_b652adf6_fk_system_cu; Type: FK CONSTRAINT; Schema: public; Owner: bpc
--

ALTER TABLE ONLY public.system_featurepermission_customers
    ADD CONSTRAINT system_featurepermis_customer_id_b652adf6_fk_system_cu FOREIGN KEY (customer_id) REFERENCES public.system_customer(id) DEFERRABLE INITIALLY DEFERRED;


--
-- Name: system_featurepermission_customers system_featurepermis_featurepermission_id_2c8d0175_fk_system_fe; Type: FK CONSTRAINT; Schema: public; Owner: bpc
--

ALTER TABLE ONLY public.system_featurepermission_customers
    ADD CONSTRAINT system_featurepermis_featurepermission_id_2c8d0175_fk_system_fe FOREIGN KEY (featurepermission_id) REFERENCES public.system_featurepermission(id) DEFERRABLE INITIALLY DEFERRED;


--
-- Name: system_imageversion system_imageversion_product_id_58d4414c_fk_system_product_id; Type: FK CONSTRAINT; Schema: public; Owner: bpc
--

ALTER TABLE ONLY public.system_imageversion
    ADD CONSTRAINT system_imageversion_product_id_58d4414c_fk_system_product_id FOREIGN KEY (product_id) REFERENCES public.system_product(id) DEFERRABLE INITIALLY DEFERRED;


--
-- Name: system_input system_input_script_id_2c63c522_fk_system_script_id; Type: FK CONSTRAINT; Schema: public; Owner: bpc
--

ALTER TABLE ONLY public.system_input
    ADD CONSTRAINT system_input_script_id_2c63c522_fk_system_script_id FOREIGN KEY (script_id) REFERENCES public.system_script(id) DEFERRABLE INITIALLY DEFERRED;


--
-- Name: system_job system_job_batch_id_7adce58b_fk_system_batch_id; Type: FK CONSTRAINT; Schema: public; Owner: bpc
--

ALTER TABLE ONLY public.system_job
    ADD CONSTRAINT system_job_batch_id_7adce58b_fk_system_batch_id FOREIGN KEY (batch_id) REFERENCES public.system_batch(id) DEFERRABLE INITIALLY DEFERRED;


--
-- Name: system_job system_job_pc_id_e2181a65_fk_system_pc_id; Type: FK CONSTRAINT; Schema: public; Owner: bpc
--

ALTER TABLE ONLY public.system_job
    ADD CONSTRAINT system_job_pc_id_e2181a65_fk_system_pc_id FOREIGN KEY (pc_id) REFERENCES public.system_pc(id) DEFERRABLE INITIALLY DEFERRED;


--
-- Name: system_job system_job_user_id_be2d8b14_fk_auth_user_id; Type: FK CONSTRAINT; Schema: public; Owner: bpc
--

ALTER TABLE ONLY public.system_job
    ADD CONSTRAINT system_job_user_id_be2d8b14_fk_auth_user_id FOREIGN KEY (user_id) REFERENCES public.auth_user(id) DEFERRABLE INITIALLY DEFERRED;


--
-- Name: system_loginlog system_loginlog_site_id_d79acef3_fk_system_site_id; Type: FK CONSTRAINT; Schema: public; Owner: bpc
--

ALTER TABLE ONLY public.system_loginlog
    ADD CONSTRAINT system_loginlog_site_id_d79acef3_fk_system_site_id FOREIGN KEY (site_id) REFERENCES public.system_site(id) DEFERRABLE INITIALLY DEFERRED;


--
-- Name: system_pc system_pc_configuration_id_f81b8e88_fk_system_configuration_id; Type: FK CONSTRAINT; Schema: public; Owner: bpc
--

ALTER TABLE ONLY public.system_pc
    ADD CONSTRAINT system_pc_configuration_id_f81b8e88_fk_system_configuration_id FOREIGN KEY (configuration_id) REFERENCES public.system_configuration(id) DEFERRABLE INITIALLY DEFERRED;


--
-- Name: system_pc_pc_groups system_pc_pc_groups_pc_id_45558970_fk_system_pc_id; Type: FK CONSTRAINT; Schema: public; Owner: bpc
--

ALTER TABLE ONLY public.system_pc_pc_groups
    ADD CONSTRAINT system_pc_pc_groups_pc_id_45558970_fk_system_pc_id FOREIGN KEY (pc_id) REFERENCES public.system_pc(id) DEFERRABLE INITIALLY DEFERRED;


--
-- Name: system_pc_pc_groups system_pc_pc_groups_pcgroup_id_e50eca1a_fk_system_pcgroup_id; Type: FK CONSTRAINT; Schema: public; Owner: bpc
--

ALTER TABLE ONLY public.system_pc_pc_groups
    ADD CONSTRAINT system_pc_pc_groups_pcgroup_id_e50eca1a_fk_system_pcgroup_id FOREIGN KEY (pcgroup_id) REFERENCES public.system_pcgroup(id) DEFERRABLE INITIALLY DEFERRED;


--
-- Name: system_pc system_pc_site_id_05aa0a2f_fk_system_site_id; Type: FK CONSTRAINT; Schema: public; Owner: bpc
--

ALTER TABLE ONLY public.system_pc
    ADD CONSTRAINT system_pc_site_id_05aa0a2f_fk_system_site_id FOREIGN KEY (site_id) REFERENCES public.system_site(id) DEFERRABLE INITIALLY DEFERRED;


--
-- Name: system_pcgroup system_pcgroup_configuration_id_8a1921da_fk_system_co; Type: FK CONSTRAINT; Schema: public; Owner: bpc
--

ALTER TABLE ONLY public.system_pcgroup
    ADD CONSTRAINT system_pcgroup_configuration_id_8a1921da_fk_system_co FOREIGN KEY (configuration_id) REFERENCES public.system_configuration(id) DEFERRABLE INITIALLY DEFERRED;


--
-- Name: system_pcgroup system_pcgroup_site_id_a52665f8_fk_system_site_id; Type: FK CONSTRAINT; Schema: public; Owner: bpc
--

ALTER TABLE ONLY public.system_pcgroup
    ADD CONSTRAINT system_pcgroup_site_id_a52665f8_fk_system_site_id FOREIGN KEY (site_id) REFERENCES public.system_site(id) DEFERRABLE INITIALLY DEFERRED;


--
-- Name: system_pcgroup_supervisors system_pcgroup_super_pcgroup_id_807839cc_fk_system_pc; Type: FK CONSTRAINT; Schema: public; Owner: bpc
--

ALTER TABLE ONLY public.system_pcgroup_supervisors
    ADD CONSTRAINT system_pcgroup_super_pcgroup_id_807839cc_fk_system_pc FOREIGN KEY (pcgroup_id) REFERENCES public.system_pcgroup(id) DEFERRABLE INITIALLY DEFERRED;


--
-- Name: system_pcgroup_supervisors system_pcgroup_supervisors_user_id_184b20de_fk_auth_user_id; Type: FK CONSTRAINT; Schema: public; Owner: bpc
--

ALTER TABLE ONLY public.system_pcgroup_supervisors
    ADD CONSTRAINT system_pcgroup_supervisors_user_id_184b20de_fk_auth_user_id FOREIGN KEY (user_id) REFERENCES public.auth_user(id) DEFERRABLE INITIALLY DEFERRED;


--
-- Name: system_pcgroup system_pcgroup_wake_week_plan_id_aae27c9f_fk_system_wa; Type: FK CONSTRAINT; Schema: public; Owner: bpc
--

ALTER TABLE ONLY public.system_pcgroup
    ADD CONSTRAINT system_pcgroup_wake_week_plan_id_aae27c9f_fk_system_wa FOREIGN KEY (wake_week_plan_id) REFERENCES public.system_wakeweekplan(id) DEFERRABLE INITIALLY DEFERRED;


--
-- Name: system_script system_script_feature_permission_i_19cee479_fk_system_fe; Type: FK CONSTRAINT; Schema: public; Owner: bpc
--

ALTER TABLE ONLY public.system_script
    ADD CONSTRAINT system_script_feature_permission_i_19cee479_fk_system_fe FOREIGN KEY (feature_permission_id) REFERENCES public.system_featurepermission(id) DEFERRABLE INITIALLY DEFERRED;


--
-- Name: system_script_products system_script_products_product_id_27a3882c_fk_system_product_id; Type: FK CONSTRAINT; Schema: public; Owner: bpc
--

ALTER TABLE ONLY public.system_script_products
    ADD CONSTRAINT system_script_products_product_id_27a3882c_fk_system_product_id FOREIGN KEY (product_id) REFERENCES public.system_product(id) DEFERRABLE INITIALLY DEFERRED;


--
-- Name: system_script_products system_script_products_script_id_cb5ca005_fk_system_script_id; Type: FK CONSTRAINT; Schema: public; Owner: bpc
--

ALTER TABLE ONLY public.system_script_products
    ADD CONSTRAINT system_script_products_script_id_cb5ca005_fk_system_script_id FOREIGN KEY (script_id) REFERENCES public.system_script(id) DEFERRABLE INITIALLY DEFERRED;


--
-- Name: system_script system_script_site_id_c6488e7d_fk_system_site_id; Type: FK CONSTRAINT; Schema: public; Owner: bpc
--

ALTER TABLE ONLY public.system_script
    ADD CONSTRAINT system_script_site_id_c6488e7d_fk_system_site_id FOREIGN KEY (site_id) REFERENCES public.system_site(id) DEFERRABLE INITIALLY DEFERRED;


--
-- Name: system_script_tags system_script_tags_script_id_18cffc87_fk_system_script_id; Type: FK CONSTRAINT; Schema: public; Owner: bpc
--

ALTER TABLE ONLY public.system_script_tags
    ADD CONSTRAINT system_script_tags_script_id_18cffc87_fk_system_script_id FOREIGN KEY (script_id) REFERENCES public.system_script(id) DEFERRABLE INITIALLY DEFERRED;


--
-- Name: system_script_tags system_script_tags_scripttag_id_367ecfd3_fk_system_scripttag_id; Type: FK CONSTRAINT; Schema: public; Owner: bpc
--

ALTER TABLE ONLY public.system_script_tags
    ADD CONSTRAINT system_script_tags_scripttag_id_367ecfd3_fk_system_scripttag_id FOREIGN KEY (scripttag_id) REFERENCES public.system_scripttag(id) DEFERRABLE INITIALLY DEFERRED;


--
-- Name: system_securityevent system_securityevent_assigned_user_id_7e6d5313_fk_auth_user_id; Type: FK CONSTRAINT; Schema: public; Owner: bpc
--

ALTER TABLE ONLY public.system_securityevent
    ADD CONSTRAINT system_securityevent_assigned_user_id_7e6d5313_fk_auth_user_id FOREIGN KEY (assigned_user_id) REFERENCES public.auth_user(id) DEFERRABLE INITIALLY DEFERRED;


--
-- Name: system_securityevent system_securityevent_event_rule_server_id_f39414eb_fk_system_ev; Type: FK CONSTRAINT; Schema: public; Owner: bpc
--

ALTER TABLE ONLY public.system_securityevent
    ADD CONSTRAINT system_securityevent_event_rule_server_id_f39414eb_fk_system_ev FOREIGN KEY (event_rule_server_id) REFERENCES public.system_eventruleserver(id) DEFERRABLE INITIALLY DEFERRED;


--
-- Name: system_securityevent system_securityevent_pc_id_6c5d39e2_fk_system_pc_id; Type: FK CONSTRAINT; Schema: public; Owner: bpc
--

ALTER TABLE ONLY public.system_securityevent
    ADD CONSTRAINT system_securityevent_pc_id_6c5d39e2_fk_system_pc_id FOREIGN KEY (pc_id) REFERENCES public.system_pc(id) DEFERRABLE INITIALLY DEFERRED;


--
-- Name: system_securityevent system_securityevent_problem_id_c2821531_fk_system_se; Type: FK CONSTRAINT; Schema: public; Owner: bpc
--

ALTER TABLE ONLY public.system_securityevent
    ADD CONSTRAINT system_securityevent_problem_id_c2821531_fk_system_se FOREIGN KEY (problem_id) REFERENCES public.system_securityproblem(id) DEFERRABLE INITIALLY DEFERRED;


--
-- Name: system_securityproblem_alert_groups system_securityprobl_pcgroup_id_33ec9724_fk_system_pc; Type: FK CONSTRAINT; Schema: public; Owner: bpc
--

ALTER TABLE ONLY public.system_securityproblem_alert_groups
    ADD CONSTRAINT system_securityprobl_pcgroup_id_33ec9724_fk_system_pc FOREIGN KEY (pcgroup_id) REFERENCES public.system_pcgroup(id) DEFERRABLE INITIALLY DEFERRED;


--
-- Name: system_securityproblem system_securityprobl_security_script_id_3e4bca25_fk_system_sc; Type: FK CONSTRAINT; Schema: public; Owner: bpc
--

ALTER TABLE ONLY public.system_securityproblem
    ADD CONSTRAINT system_securityprobl_security_script_id_3e4bca25_fk_system_sc FOREIGN KEY (security_script_id) REFERENCES public.system_script(id) DEFERRABLE INITIALLY DEFERRED;


--
-- Name: system_securityproblem_alert_groups system_securityprobl_securityproblem_id_548a48ce_fk_system_se; Type: FK CONSTRAINT; Schema: public; Owner: bpc
--

ALTER TABLE ONLY public.system_securityproblem_alert_groups
    ADD CONSTRAINT system_securityprobl_securityproblem_id_548a48ce_fk_system_se FOREIGN KEY (securityproblem_id) REFERENCES public.system_securityproblem(id) DEFERRABLE INITIALLY DEFERRED;


--
-- Name: system_securityproblem_alert_users system_securityprobl_securityproblem_id_e3ce73c3_fk_system_se; Type: FK CONSTRAINT; Schema: public; Owner: bpc
--

ALTER TABLE ONLY public.system_securityproblem_alert_users
    ADD CONSTRAINT system_securityprobl_securityproblem_id_e3ce73c3_fk_system_se FOREIGN KEY (securityproblem_id) REFERENCES public.system_securityproblem(id) DEFERRABLE INITIALLY DEFERRED;


--
-- Name: system_securityproblem_alert_users system_securityprobl_user_id_940d2402_fk_auth_user; Type: FK CONSTRAINT; Schema: public; Owner: bpc
--

ALTER TABLE ONLY public.system_securityproblem_alert_users
    ADD CONSTRAINT system_securityprobl_user_id_940d2402_fk_auth_user FOREIGN KEY (user_id) REFERENCES public.auth_user(id) DEFERRABLE INITIALLY DEFERRED;


--
-- Name: system_securityproblem system_securityproblem_site_id_17399da9_fk_system_site_id; Type: FK CONSTRAINT; Schema: public; Owner: bpc
--

ALTER TABLE ONLY public.system_securityproblem
    ADD CONSTRAINT system_securityproblem_site_id_17399da9_fk_system_site_id FOREIGN KEY (site_id) REFERENCES public.system_site(id) DEFERRABLE INITIALLY DEFERRED;


--
-- Name: system_site system_site_configuration_id_6ef73dce_fk_system_co; Type: FK CONSTRAINT; Schema: public; Owner: bpc
--

ALTER TABLE ONLY public.system_site
    ADD CONSTRAINT system_site_configuration_id_6ef73dce_fk_system_co FOREIGN KEY (configuration_id) REFERENCES public.system_configuration(id) DEFERRABLE INITIALLY DEFERRED;


--
-- Name: system_site system_site_customer_id_22a7f1c6_fk_system_customer_id; Type: FK CONSTRAINT; Schema: public; Owner: bpc
--

ALTER TABLE ONLY public.system_site
    ADD CONSTRAINT system_site_customer_id_22a7f1c6_fk_system_customer_id FOREIGN KEY (customer_id) REFERENCES public.system_customer(id) DEFERRABLE INITIALLY DEFERRED;


--
-- Name: system_wakechangeevent system_wakechangeevent_site_id_dc952d15_fk_system_site_id; Type: FK CONSTRAINT; Schema: public; Owner: bpc
--

ALTER TABLE ONLY public.system_wakechangeevent
    ADD CONSTRAINT system_wakechangeevent_site_id_dc952d15_fk_system_site_id FOREIGN KEY (site_id) REFERENCES public.system_site(id) DEFERRABLE INITIALLY DEFERRED;


--
-- Name: system_wakeweekplan_wake_change_events system_wakeweekplan__wakechangeevent_id_5fada730_fk_system_wa; Type: FK CONSTRAINT; Schema: public; Owner: bpc
--

ALTER TABLE ONLY public.system_wakeweekplan_wake_change_events
    ADD CONSTRAINT system_wakeweekplan__wakechangeevent_id_5fada730_fk_system_wa FOREIGN KEY (wakechangeevent_id) REFERENCES public.system_wakechangeevent(id) DEFERRABLE INITIALLY DEFERRED;


--
-- Name: system_wakeweekplan_wake_change_events system_wakeweekplan__wakeweekplan_id_0130a93f_fk_system_wa; Type: FK CONSTRAINT; Schema: public; Owner: bpc
--

ALTER TABLE ONLY public.system_wakeweekplan_wake_change_events
    ADD CONSTRAINT system_wakeweekplan__wakeweekplan_id_0130a93f_fk_system_wa FOREIGN KEY (wakeweekplan_id) REFERENCES public.system_wakeweekplan(id) DEFERRABLE INITIALLY DEFERRED;


--
-- Name: system_wakeweekplan system_wakeweekplan_site_id_13a7a3c4_fk_system_site_id; Type: FK CONSTRAINT; Schema: public; Owner: bpc
--

ALTER TABLE ONLY public.system_wakeweekplan
    ADD CONSTRAINT system_wakeweekplan_site_id_13a7a3c4_fk_system_site_id FOREIGN KEY (site_id) REFERENCES public.system_site(id) DEFERRABLE INITIALLY DEFERRED;


--
-- Name: two_factor_phonedevice two_factor_phonedevice_user_id_54718003_fk_auth_user_id; Type: FK CONSTRAINT; Schema: public; Owner: bpc
--

ALTER TABLE ONLY public.two_factor_phonedevice
    ADD CONSTRAINT two_factor_phonedevice_user_id_54718003_fk_auth_user_id FOREIGN KEY (user_id) REFERENCES public.auth_user(id) DEFERRABLE INITIALLY DEFERRED;


--
-- PostgreSQL database dump complete
--

